"","facility_code","clinic","slots","booking","stock","pred_demand_age","pred_demand_age_dm"
"1","21-12260120","KLINIK KESIHATAN TELUPID",212,3,0,7,3
"2","21-05020034","KLINIK KESIHATAN LUI MUDA",79,11,40,20,24
"3","21-08020062","KLINIK KESIHATAN LANGKAP",172,29,220,104,148
"4","21-03070230","KLINIK KESIHATAN PANGKAL KALA",150,2,32,317,308
"5","21-08070417","KLINIK KESIHATAN SIMPANG",213,180,340,441,609
"6","21-08070078","KLINIK KESIHATAN POKOK ASSAM",213,50,150,518,711
"7","21-03070044","KLINIK KESIHATAN CHEKOK",121,116,40,196,190
"8","21-08030076","KLINIK KESIHATAN PENGKALAN HULU",213,6,120,54,78
"9","21-04020050","KLINIK KESIHATAN BATANG MELAKA",212,39,0,72,88
"10","21-01010101","KLINIK KESIHATAN SRI GADING",215,207,0,212,193
"11","21-12060084","KLINIK KESIHATAN MENGGATAL",151,35,0,238,96
"12","21-08030065","KLINIK KESIHATAN LENGGONG",105,21,120,52,72
"13","21-08060071","KLINIK KESIHATAN PADANG RENGAS",131,50,400,124,181
"14","21-12070116","KLINIK KESIHATAN TANDEK",126,0,0,25,10
"15","21-11070031","KLINIK KESIHATAN KAMPUNG RAHMAT",56,2,NA,18,19
"16","21-11020037","KLINIK KESIHATAN KUALA ABANG",213,0,NA,61,63
"17","21-10050028","KLINIK KESIHATAN KAMPUNG BANDAR",97,214,0,149,127
"18","21-02120073","KLINIK KESIHATAN POKOK SENA",159,13,116,55,61
"19","21-08040050","KLINIK KESIHATAN JALAN BARU",134,107,50,229,324
"20","21-08040210","Klinik Kesihatan Selinsing",172,11,25,137,199
"21","21-03040061","KLINIK KESIHATAN LUNDANG PAKU",42,13,40,584,553
"22","21-10020031","KLINIK KESIHATAN BERANANG",82,157,346,227,191
"23","21-03090281","KLINIK KESIHATAN TANAH MERAH",100,14,104,152,144
"24","21-02100046","KLINIK KESIHATAN JENIANG",171,19,35,85,94
"25","21-08070098","KLINIK KESIHATAN TRONG",120,3,150,86,124
"26","21-08020360","KLINIK KESIHATAN TELUK INTAN",57,167,720,233,322
"27","21-03070117","KLINIK KESIHATAN CHERANG HANGUS",58,0,32,168,164
"28","21-10040048","KLINIK KESIHATAN PANDAMARAN",119,475,400,655,540
"29","21-02050491","KLINIK KESIHATAN NAPOH",170,14,50,106,118
"30","21-08040059","KLINIK KESIHATAN KUALA KURAU",213,19,60,161,227
"31","21-01010102","KLINIK KESIHATAN SRI MEDAN",28,38,NA,106,98
"32","21-01010078","KLINIK KESIHATAN SRI MERLONG",130,17,NA,100,91
"33","21-08070055","KLINIK KESIHATAN KAMUNTING",12,215,240,391,545
"34","21-12060059","KLINIK KESIHATAN INANAM",78,0,0,273,110
"35","21-12050113","KLINIK KESIHATAN TAGINAMBUR",41,1,0,28,11
"36","21-01020429","KLINIK KESIHATAN SULTAN ISMAIL",21,469,300,1010,930
"37","21-14010411","KLINIK KESIHATAN KUALA LUMPUR",41,306,2655,2246,1669
"38","21-08020031","KLINIK KESIHATAN BAGAN DATOH",41,2,34,48,69
"39","21-08060612","KLINIK KESIHATAN KUALA KANGSAR",40,99,700,205,283
"40","21-01010096","KLINIK KESIHATAN SEMERAH",84,0,NA,95,87
"41","21-10040042","KLINIK KESIHATAN KAPAR",56,371,320,285,241
"42","21-10070043","KLINIK KESIHATAN KELANA JAYA",19,363,480,1935,1618
"43","21-08050047","KLINIK KESIHATAN GUNUNG RAPAT",20,302,480,958,1333
"44","21-02090072","KLINIK KESIHATAN PENDANG",21,90,115,186,206
"45","21-10070206","KLINIK KESIHATAN TAMAN MEDAN",59,354,340,2104,1752
"46","21-14010017","KLINIK KESIHATAN PETALING BAHAGIA",76,344,300,2191,1633
"47","21-10020039","KLINIK KESIHATAN KAJANG",41,272,346,535,450
"48","21-01090063","KLINIK KESIHATAN KULAI BESAR",29,340,700,326,295
"49","21-02040030","KLINIK KESIHATAN TAMAN INTAN",8,181,0,508,548
"50","21-08050075","KLINIK KESIHATAN PASIR PINJI",23,263,500,1125,1555
"51","21-02040037","KLINIK KESIHATAN BANDAR SUNGAI PETANI",6,173,340,541,581
"52","21-01090327","KLINIK KESIHATAN SENAI",33,74,0,406,374
"53","21-08070384","KLINIK KESIHATAN TAIPING",26,258,350,518,711
"54","21-07050040","KLINIK KESIHATAN SUNGAI DUA (TL)",28,250,320,1179,1423
"55","21-10020769","KLINIK KESIHATAN BANDAR TUN HUSSEIN ONN",20,256,346,1538,1283
"56","21-10010055","KLINIK KESIHATAN RAWANG",12,250,500,419,358
"57","21-01020060","KLINIK KESIHATAN KEMPAS",21,244,270,1181,1085
"58","21-01020114","KLINIK KESIHATAN ULU TIRAM",12,235,270,390,362
"59","21-10010059","KLINIK KESIHATAN SELAYANG BARU",9,197,550,1497,1241
"60","21-04010024","KLINIK KESIHATAN MASJID TANAH",46,36,60,179,215
"61","21-08050045","KLINIK KESIHATAN GREENTOWN",28,216,220,1152,1594
"62","21-10030061","KLINIK KESIHATAN SERENDAH",28,219,232,256,218
"63","21-10070248","KLINIK KESIHATAN SEKSYEN 19",19,216,520,1258,1054
"64","21-12060077","KLINIK KESIHATAN LUYANG",22,217,0,351,140
"65","21-02030060","KLINIK KESIHATAN LANGGAR",44,15,128,414,455
"66","21-02040051","KLINIK KESIHATAN KOTA KUALA MUDA",22,0,100,280,313
"67","21-05010051","KLINIK KESIHATAN SIMPANG DURIAN",20,24,60,25,29
"68","21-11040214","KLINIK KESIHATAN BATU 2 1/2",19,43,260,110,110
"69","21-14010010","KLINIK KESIHATAN BATU MUDA",19,210,200,2032,1501
"70","21-11050042","KLINIK KESIHATAN MANIR",22,99,260,340,349
"71","21-08010046","KLINIK KESIHATAN GUNUNG BESOUT",40,0,60,39,55
"72","21-14010021","KLINIK KESIHATAN TANGLIN",21,199,200,2328,1740
"73","21-06020082","KLINIK KESIHATAN TRIANG",9,185,200,68,75
"74","21-08030611","KLINIK KESIHATAN FELDA BERSIA",20,39,120,29,40
"75","21-08010091","KLINIK KESIHATAN SUNGKAI",49,22,155,59,84
"76","21-04010009","KLINIK KESIHATAN ALOR GAJAH",32,39,168,236,288
"77","21-13280185","KLINIK KESIHATAN SEBUYAU",16,6,0,15,13
"78","21-08050093","KLINIK KESIHATAN TANJUNG RAMBUTAN",21,182,300,586,828
"79","21-07050028","KLINIK KESIHATAN JALAN PERAK",20,144,320,1621,1932
"80","21-10070051","KLINIK KESIHATAN PUCHONG BATU 14",16,176,600,1157,972
"81","21-02040041","KLINIK KESIHATAN BUKIT SELAMBAU",19,51,100,268,295
"82","21-01010039","KLINIK KESIHATAN BATU PAHAT",9,137,1040,375,331
"83","21-05030031","KLINIK KESIHATAN KUALA PILAH",19,94,120,92,103
"84","21-01020089","KLINIK KESIHATAN MAHMOODIAH",13,168,300,2296,2123
"85","21-10090034","KLINIK KESIHATAN DENGKIL",40,155,0,200,171
"86","21-03070075","KLINIK KESIHATAN TENDONG",12,0,72,481,462
"87","21-08050041","KLINIK KESIHATAN CHEMOR",20,165,400,412,585
"88","21-08090074","KLINIK KESIHATAN PARIT",34,17,50,103,149
"89","21-11020206","KLINIK KESIHATAN KUALA DUNGUN",18,18,240,108,108
"90","21-01030100","Klinik Kesihatan Simpang Renggam",59,160,0,91,82
"91","21-10020220","KLINIK KESIHATAN BANDAR BARU BANGI",20,160,346,504,425
"92","21-07040039","KLINIK KESIHATAN SUNGAI DUA (SPU)",4,159,160,750,926
"93","21-07020037","KLINIK KESIHATAN BANDAR TASIK MUTIARA",20,157,180,475,580
"94","21-08080085","Klinik Kesihatan Sitiawan",16,157,270,223,308
"95","21-05060049","KLINIK KESIHATAN SEREMBAN",21,155,260,702,782
"96","21-10040047","KLINIK KESIHATAN MERU",16,104,200,525,445
"97","21-04010014","KLINIK KESIHATAN DURIAN TUNGGAL",40,93,64,331,405
"98","21-02060057","KLINIK KESIHATAN KULIM",17,155,180,482,526
"99","21-06050375","KLINIK KESIHATAN KURNIA",16,151,328,282,311
"100","21-01050049","KLINIK KESIHATAN ENDAU",16,20,0,16,15
"101","21-12190105","KLINIK KESIHATAN SINDUMIN",17,4,0,19,7
"102","21-11080021","KLINIK KESIHATAN BATU RAKIT",20,6,0,134,140
"103","21-10070767","KLINIK KESIHATAN KOTA DAMANSARA",15,149,300,1577,1317
"104","21-10090057","KLINIK KESIHATAN SALAK",15,149,600,142,120
"105","21-13270636","KLINIK KESIHATAN SIBU JAYA",6,128,160,60,56
"106","21-05070053","KLINIK KESIHATAN TAMPIN",3,87,100,155,177
"107","21-03070064","KLINIK KESIHATAN MERANTI",12,4,64,258,251
"108","21-06080068","KLINIK KESIHATAN PERAMU JAYA",20,3,120,56,62
"109","21-08050070","KLINIK KESIHATAN MENGLEMBU",15,142,50,862,1203
"110","21-06050032","KLINIK KESIHATAN BESERAH",14,140,358,190,210
"111","21-07040032","KLINIK KESIHATAN MAK MANDIN",34,95,100,974,1195
"112","21-13190225","KLINIK KESIHATAN TUDAN",9,138,240,170,152
"113","21-13240672","KLINIK KESIHATAN BANDARAYA MIRI",9,134,NA,161,146
"114","21-07030021","KLINIK KESIHATAN BERAPIT",21,125,170,557,690
"115","21-10040044","KLINIK KESIHATAN ANIKA KLANG",27,111,160,839,696
"116","21-02040067","KLINIK KESIHATAN MERBOK",27,37,140,167,187
"117","21-01030055","KLINIK KESIHATAN KAHANG BATU 22",7,49,0,17,15
"118","21-07020025","KLINIK KESIHATAN BUKIT PANCHOR",16,129,180,327,397
"119","21-08050383","KLINIK KESIHATAN BUNTONG",23,122,190,911,1271
"120","21-10020232","KLINIK KESIHATAN TAMAN NIRWANA",20,119,231,2028,1672
"121","21-08090061","KLINIK KESIHATAN LAMBOR KIRI",30,2,20,65,93
"122","21-07040034","KLINIK KESIHATAN PENAGA",23,116,80,392,493
"123","21-07030035","KLINIK KESIHATAN PERAI",139,72,80,964,1186
"124","21-14010020","KLINIK KESIHATAN SUNGAI BESI",19,112,400,1925,1436
"125","21-10010030","KLINIK KESIHATAN BATU ARANG",17,62,250,187,159
"126","21-08050051","KLINIK KESIHATAN JELAPANG",16,112,330,924,1291
"127","21-01020715","KLINIK KESIHATAN BUKIT INDAH",4,110,270,875,808
"128","21-08080267","KLINIK KESIHATAN PENGKALAN BARU",20,14,15,61,85
"129","21-08100092","KLINIK KESIHATAN TANJUNG MALIM",14,109,250,86,119
"130","21-06040401","KLINIK KESIHATAN BANDAR JERANTUT",10,83,100,72,79
"131","21-08090100","KLINIK KESIHATAN ULU DEDAP",22,8,120,77,110
"132","21-12010130","KLINIK KESIHATAN WESTON",21,8,0,13,5
"133","21-08110044","KLINIK KESIHATAN GOPENG",55,0,100,234,337
"134","21-14010011","KLINIK KESIHATAN CHERAS",12,103,270,2133,1586
"135","21-05050047","KLINIK KESIHATAN REMBAU",29,102,130,115,133
"136","21-11030038","KLINIK KESIHATAN KUALA BERANG",8,12,240,76,78
"137","21-08080073","KLINIK KESIHATAN PANTAI REMIS",19,48,50,74,103
"138","21-03100073","KLINIK KESIHATAN SUNGAI PINANG",21,2,NA,408,391
"139","21-02020061","KLINIK KESIHATAN LUBUK BUNTAR",9,39,5,116,131
"140","21-01050237","KLINIK KESIHATAN NITAR 1",13,2,0,14,13
"141","21-08020049","KLINIK KESIHATAN HUTAN MELINTANG",32,39,104,83,118
"142","21-02080239","KLINIK KESIHATAN PEDU",17,1,0,50,55
"143","21-10090069","KLINIK KESIHATAN SUNGAI PELEK",21,95,0,109,90
"144","21-10040033","KLINIK KESIHATAN BUKIT KUDA",42,101,200,857,716
"145","21-10060073","KLINIK KESIHATAN TANJUNG KARANG",40,100,160,89,72
"146","21-01010097","KLINIK KESIHATAN SENGGARANG",20,100,0,112,103
"147","21-10010026","KLINIK KESIHATAN AU2",10,100,350,1850,1527
"148","21-02030076","KLINIK KESIHATAN SIMPANG KUALA",8,100,148,590,634
"149","21-04030267","KLINIK KESIHATAN BATU BERENDAM",10,99,100,711,842
"150","21-04030013","KLINIK KESIHATAN CHENG",10,92,0,531,638
"151","21-02050029","KLINIK KESIHATAN AYER HITAM",20,76,0,173,194
"152","21-01060031","KLINIK KESIHATAN BAKRI",5,73,0,238,217
"153","21-10060038","KLINIK KESIHATAN JERAM",170,48,120,86,73
"154","21-06080362","KLINIK KESIHATAN BANDAR PEKAN",20,1,120,62,68
"155","21-07051356","KLINIK KESIHATAN AIR PUTIH",20,96,100,494,616
"156","21-10050037","KLINIK KESIHATAN JENJAROM",19,96,100,236,202
"157","21-07030036","KLINIK KESIHATAN SEBERANG JAYA",19,98,170,943,1156
"158","21-05060180","KLINIK KESIHATAN SEREMBAN 2",14,96,120,572,644
"159","21-10070062","KLINIK KESIHATAN SERI KEMBANGAN",10,81,400,1511,1263
"160","21-08090610","KLINIK KESIHATAN SERI ISKANDAR",8,75,140,98,140
"161","21-08070033","KLINIK KESIHATAN BATU KURAU",37,11,155,125,179
"162","21-02060081","KLINIK KESIHATAN TAMAN SELASIH",11,95,140,554,606
"163","21-13110050","KLINIK KESIHATAN BATU KAWA",10,85,100,569,512
"164","21-03050034","KLINIK KESIHATAN BANDAR KUALA KRAI",5,18,132,72,67
"165","21-11020034","KLINIK KESIHATAN KETENGAH JAYA",19,0,0,18,19
"166","21-02040077","KLINIK KESIHATAN SG. LALANG",19,94,160,268,295
"167","21-08010095","KLINIK KESIHATAN TAPAH",20,79,250,97,137
"168","21-03100077","KLINIK KESIHATAN WAKAF BHARU",8,37,96,544,516
"169","21-02030345","KLINIK KESIHATAN DATO' KUMBAR",19,88,108,576,622
"170","21-02040040","KLINIK KESIHATAN BEDONG",9,83,140,285,313
"171","21-01030052","KLINIK KESIHATAN MENGKIBOL",7,71,600,276,243
"172","21-06070560","KLINIK KESIHATAN BANDAR RAUB",4,31,220,98,107
"173","21-11020045","KLINIK KESIHATAN PAKA",15,0,NA,43,45
"174","21-01090213","Klinik Desa Kelapa Sawit",18,58,0,165,150
"175","21-07050027","KLINIK KESIHATAN JALAN MACALISTER",11,82,160,1468,1760
"176","21-13110084","KLINIK KESIHATAN KOTA SENTOSA",9,87,100,386,354
"177","21-07050125","KLINIK KESIHATAN JALAN ANGSANA",9,77,320,1486,1771
"178","21-04030020","KLINIK KESIHATAN KLEBANG BESAR",18,45,50,549,656
"179","21-13190128","KLINIK KESIHATAN JALAN MERBAU",9,37,240,159,144
"180","21-03040195","KLINIK KESIHATAN KOK LANAS",8,37,112,232,224
"181","21-08050054","KLINIK KESIHATAN KAMPUNG SIMEE",20,80,500,1085,1505
"182","21-07050018","KLINIK KESIHATAN AIR ITAM",6,74,160,1424,1699
"183","21-08010034","KLINIK KESIHATAN BIDOR",21,56,235,109,151
"184","21-08040032","KLINIK KESIHATAN BAGAN SERAI",12,54,100,154,217
"185","21-01030073","KLINIK KESIHATAN PALOH",21,53,0,37,33
"186","21-08050094","KLINIK KESIHATAN TANJUNG TUALANG",13,43,50,132,190
"187","21-02050083","KLINIK KESIHATAN TUNJANG",29,33,70,198,221
"188","21-02060063","KLINIK KESIHATAN LUNAS",7,12,140,435,483
"189","21-11010224","KLINIK KESIHATAN PADANG LUAS",19,5,0,116,121
"190","21-07050023","KLINIK KESIHATAN BUKIT JAMBUL",18,81,160,1083,1307
"191","21-10070063","KLINIK KESIHATAN SEKSYEN 7 SHAH ALAM",9,80,560,962,810
"192","21-01060032","KLINIK KESIHATAN MAHARANI",9,77,250,402,354
"193","21-07010020","KLINIK KESIHATAN BAYAN LEPAS",9,76,190,633,772
"194","21-08110052","KLINIK KESIHATAN KAMPAR",16,80,150,203,283
"195","21-13110129","KLINIK KESIHATAN JALAN MASJID",7,80,80,556,499
"196","21-07030335","KLINIK KESIHATAN BANDAR PERDA",12,79,170,845,1036
"197","21-01020106","KLINIK KESIHATAN TEBRAU",8,79,100,2094,1930
"198","21-02050042","KLINIK KESIHATAN CHANGLOON",20,32,100,82,91
"199","21-06070027","KLINIK KESIHATAN BANDAR JENGKA",8,22,180,67,75
"200","21-01050071","KLINIK KESIHATAN MERSING KANAN",40,19,120,43,38
"201","21-03030024","KLINIK KESIHATAN JELI",8,7,100,28,27
"202","21-13120096","KLINIK KESIHATAN LAWAS",9,3,80,24,21
"203","21-03020032","KLINIK KESIHATAN GUA MUSANG",8,0,NA,25,23
"204","21-03010051","KLINIK KESIHATAN GUNONG",8,0,80,249,241
"205","21-02030054","KLINIK KESIHATAN KUALA KEDAH",12,78,112,321,354
"206","21-02050049","KLINIK KESIHATAN KEPALA BATAS",10,74,70,333,369
"207","21-01060081","KLINIK KESIHATAN PARIT YUSOF",39,3,NA,83,75
"208","21-05020021","KLINIK KESIHATAN BAHAU",11,72,110,76,86
"209","21-01080095","KLINIK KESIHATAN SEGAMAT",8,72,20,137,121
"210","21-08070038","KLINIK KESIHATAN CHANGKAT JERING",14,25,150,321,449
"211","21-04030027","KLINIK KESIHATAN PERINGGIT",10,63,100,880,1027
"212","21-08070088","KLINIK KESIHATAN SUNGAI KERANG",20,0,50,36,51
"213","21-04030011","KLINIK KESIHATAN AYER MOLEK",14,75,100,522,625
"214","21-01010115","KLINIK KESIHATAN YONG PENG",4,22,0,81,73
"215","21-13110389","KLINIK KESIHATAN PETRA JAYA",3,74,100,399,363
"216","21-02010055","KLINIK KESIHATAN KUALA KETIL",4,34,70,125,140
"217","21-02070053","KLINIK KESIHATAN KUAH",16,25,60,58,62
"218","21-10050074","KLINIK KESIHATAN TANJUNG SEPAT",17,65,0,58,48
"219","21-02050050","KLINIK KESIHATAN KODIANG",132,24,80,186,206
"220","21-08090040","KLINIK KESIHATAN CHANGKAT LADA",14,10,70,54,78
"221","21-06060031","KLINIK KESIHATAN BENTA",15,52,180,40,44
"222","21-02010058","KLINIK KESIHATAN KUPANG",8,42,70,88,96
"223","21-10020025","KLINIK KESIHATAN AMPANG",9,67,346,1829,1511
"224","21-02030028","KLINIK KESIHATAN ALOR JANGGUS",134,64,88,313,348
"225","21-06110029","KLINIK KESIHATAN BANDAR MENTAKAB",17,51,900,115,126
"226","21-12140095","KLINIK KESIHATAN PENAMPANG",7,58,0,256,104
"227","21-04010021","KLINIK KESIHATAN KUALA SUNGAI BARU",11,5,80,114,137
"228","21-01090402","KLINIK KESIHATAN KULAI",6,65,0,293,264
"229","21-10010046","KLINIK KESIHATAN KUANG",13,63,300,663,564
"230","21-11060043","KLINIK KESIHATAN MARANG",13,1,240,122,129
"231","21-01100083","KLINIK KESIHATAN PAYAMAS",6,65,360,140,126
"232","21-13240182","KLINIK KESIHATAN SARIKEI",9,64,80,61,54
"233","21-12060333","KLINIK KESIHATAN IBU DAN ANAK JLN. KEBAJIKAN",21,58,0,312,125
"234","21-03100036","KLINIK KESIHATAN BANDAR TUMPAT",11,3,92,271,262
"235","21-08080030","KLINIK KESIHATAN AYER TAWAR",12,60,60,111,158
"236","21-10060036","KLINIK KESIHATAN IJOK",20,58,80,124,105
"237","21-14010014","KLINIK KESIHATAN JINJANG",12,57,400,1847,1369
"238","21-06010330","KLINIK KESIHATAN BENTONG",7,50,120,65,71
"239","21-03010062","KLINIK KESIHATAN MAHLIGAI",6,7,60,258,250
"240","21-13250188","KLINIK KESIHATAN SELANGAU",3,5,60,0,0
"241","21-13230154","KLINIK KESIHATAN NANGA ATOI",2,0,12,13,12
"242","21-12160074","KLINIK KESIHATAN KUNDASANG",59,4,0,29,11
"243","21-02030032","KLINIK KESIHATAN BANDAR ALOR SETAR",7,0,152,625,672
"244","21-16010010","KLINIK KESIHATAN PUTRAJAYA PRESINT 18",9,50,120,420,326
"245","21-09010018","KLINIK DESA FELDA CHUPING",19,0,25,225,291
"246","21-12170366","KLINIK KESIHATAN SANDAKAN",7,55,0,157,63
"247","21-10050075","KLINIK KESIHATAN TELOK DATOK",7,55,0,132,111
"248","21-03050063","KLINIK KESIHATAN MANIK URAI",7,6,100,34,32
"249","21-04020060","KLINIK KESIHATAN FELDA BUKIT SENGGEH",8,1,20,79,96
"250","21-04030034","KLINIK KESIHATAN TENGKERA",6,55,100,762,895
"251","21-05070023","KLINIK KESIHATAN GEMAS",4,55,60,44,50
"252","21-02090056","KLINIK KESIHATAN KUBUR PANJANG",22,9,55,133,149
"253","21-08090036","KLINIK KESIHATAN BOTA KIRI",11,0,60,78,111
"254","21-01030067","KLINIK KESIHATAN LAYANG-LAYANG",19,54,0,48,44
"255","21-02060070","KLINIK KESIHATAN PADANG SERAI",9,53,180,345,386
"256","21-05040041","KLINIK KESIHATAN PASIR PANJANG",9,48,50,43,51
"257","21-03040067","KLINIK KESIHATAN PENGKALAN CHEPA",9,14,108,456,432
"258","21-03100042","KLINIK KESIHATAN BUNOHAN",10,0,44,240,231
"259","21-10072313","KLINIK KESIHATAN DESA PUTRA",20,49,0,374,320
"260","21-03060070","KLINIK KESIHATAN PULAI CHONDONG",10,4,40,169,163
"261","21-04010266","KLINIK KESIHATAN REMBIA",18,41,52,298,366
"262","21-04020031","KLINIK KESIHATAN SUNGAI RAMBAI",7,49,50,152,186
"263","21-01030390","KLINIK KESIHATAN IBU DAN ANAK KLUANG",2,49,0,307,269
"264","21-08040097","Klinik Kesihatan Tanjung Piandang",10,43,50,130,184
"265","21-01030056","KLINIK KESIHATAN KAHANG TIMUR",4,40,0,34,31
"266","21-04020018","KLINIK KESIHATAN JASIN",10,29,60,160,194
"267","21-08100086","KLINIK KESIHATAN SLIM RIVER",7,15,120,50,71
"268","21-13360052","KLINIK KESIHATAN BATU NIAH",10,11,80,12,11
"269","21-03040066","KLINIK KESIHATAN PENAMBANG",5,1,48,591,556
"270","21-03030058","KLINIK KESIHATAN KUALA BALAH",9,0,40,16,15
"271","21-10060045","KLINIK KESIHATAN KUALA SELANGOR",9,22,100,82,68
"272","21-01060037","KLINIK KESIHATAN AIR HITAM",5,4,NA,98,91
"273","21-10040175","KLINIK KESIHATAN SUNGAI BERTEK",3,41,120,740,613
"274","21-12240121","KLINIK KESIHATAN TENGHILAN",4,3,0,36,15
"275","21-10040249","KLINIK KESIHATAN BANDAR BOTANIK",9,47,600,697,579
"276","21-07040042","KLINIK KESIHATAN TASEK GELUGOR",9,47,80,427,533
"277","21-05060019","KLINIK KESIHATAN AMPANGAN",3,46,200,564,632
"278","21-02070069","KLINIK KESIHATAN PADANG MATSIRAT",20,25,48,67,72
"279","21-16010003","KLINIK KESIHATAN PUTRAJAYA PRESINT 9",9,45,300,548,423
"280","21-04030049","KLINIK KESIHATAN BACHANG",7,45,0,858,1003
"281","21-07030024","KLINIK KESIHATAN BUKIT MINYAK",9,40,170,769,940
"282","21-13220083","KLINIK KESIHATAN KOTA SAMARAHAN",8,40,0,115,107
"283","21-07050041","KLINIK KESIHATAN TANJUNG BUNGAH",6,40,160,786,963
"284","21-09010007","KLINIK KESIHATAN KUALA PERLIS",19,29,50,140,183
"285","21-02060048","KLINIK KESIHATAN KARANGAN",5,25,140,106,119
"286","21-10030077","KLINIK KESIHATAN ULU YAM BHARU",9,19,164,113,93
"287","21-11020022","KLINIK KESIHATAN BUKIT BESI",15,0,0,18,19
"288","21-12250101","KLINIK KESIHATAN PUTATAN",10,43,0,154,63
"289","21-08010328","KLINIK KESIHATAN TAPAH ROAD",20,37,75,97,137
"290","21-08110067","KLINIK KESIHATAN MALIM NAWAR",11,40,50,221,309
"291","21-01030092","KLINIK KESIHATAN RENGGAM",9,40,0,53,50
"292","21-02030045","KLINIK KESIHATAN JALAN PUTRA",8,40,108,577,622
"293","21-01080065","KLINIK KESIHATAN LABIS",6,37,20,49,45
"294","21-02110039","KLINIK KESIHATAN YAN",8,36,50,99,110
"295","21-10040271","Klinik Kesihatan Bukit Naga",7,36,120,938,784
"296","21-07040026","KLINIK KESIHATAN BUTTERWORTH",30,40,140,1144,1396
"297","21-01020070","KLINIK KESIHATAN MASAI",7,40,270,1538,1442
"298","21-04030012","KLINIK KESIHATAN BUKIT RAMBAI",4,40,50,442,531
"299","21-01060057","KLINIK KESIHATAN MUAR",4,40,250,412,362
"300","21-05060179","KLINIK KESIHATAN SENAWANG",4,40,220,546,613
"301","21-13270075","KLINIK KESIHATAN JALAN LANANG",2,40,160,152,138
"302","21-13270076","KLINIK KESIHATAN JALAN OYA",2,40,160,228,203
"303","21-13050064","KLINIK KESIHATAN BINTULU",1,40,400,63,56
"304","21-04020030","KLINIK KESIHATAN SIMPANG BEKOH",10,39,50,84,103
"305","21-02020034","KLINIK KESIHATAN BANDAR BAHARU",7,34,14,257,281
"306","21-13110209","KLINIK KESIHATAN TANAH PUTEH",4,34,100,470,425
"307","21-03040043","KLINIK KESIHATAN CABANG 3 PEROL",6,31,NA,450,433
"308","21-10030040","KLINIK KESIHATAN KALUMPANG",8,29,56,58,48
"309","21-05030030","KLINIK KESIHATAN JUASSEH",7,27,40,75,86
"310","21-08020042","KLINIK KESIHATAN CHENDERONG BALAI",8,26,160,100,145
"311","21-05030029","KLINIK KESIHATAN JOHOL",8,22,40,51,59
"312","21-02010047","KLINIK KESIHATAN KAMPUNG LALANG",8,19,55,49,55
"313","21-03060060","KLINIK KESIHATAN LABOK",4,18,48,150,145
"314","21-03080045","KLINIK KESIHATAN CHERANG RUKU",8,2,40,91,88
"315","21-02080062","KLINIK KESIHATAN LUBUK MERBAU",16,0,0,35,39
"316","21-08040048","KLINIK KESIHATAN GUNUNG SEMANGGOL",10,0,60,150,216
"317","21-01100045","Klinik Kesihatan Bukit Serampang",8,0,NA,44,41
"318","21-13090121","Klinik Kesihatan Machan",4,0,40,20,19
"319","21-03050047","KLINIK KESIHATAN DABONG",3,0,40,12,12
"320","21-04030032","KLINIK KESIHATAN SUNGAI UDANG",8,32,50,242,297
"321","21-10010204","KLINIK KESIHATAN GOMBAK SETIA",9,37,500,1800,1488
"322","21-05040130","KLINIK KESIHATAN LUKUT",5,37,50,130,151
"323","21-06010050","KLINIK KESIHATAN KARAK",14,36,80,41,46
"324","21-04030010","KLINIK KESIHATAN AYER KEROH",2,36,100,588,704
"325","21-02070027","KLINIK KESIHATAN AIR HANGAT",12,23,40,32,36
"326","21-01030113","KLINIK KESIHATAN ULU BELITONG",6,18,0,39,36
"327","21-02060066","KLINIK KESIHATAN MERBAU PULAS",6,11,250,133,150
"328","21-08040029","KLINIK KESIHATAN ALOR PONGSU",18,2,50,126,181
"329","21-01080035","KLINIK KESIHATAN BANDAR PUTRA",3,55,0,113,101
"330","21-10010071","KLINIK KESIHATAN TAMAN EHSAN",7,35,400,1509,1262
"331","21-15010004","KLINIK KESIHATAN WP LABUAN",4,35,0,57,27
"332","21-03100318","KLINIK KESIHATAN PASIR PEKAN",7,20,68,604,570
"333","21-02050059","KLINIK KESIHATAN LAKA TEMIN",7,12,0,80,89
"334","21-08090053","KLINIK KESIHATAN KAMPUNG GAJAH",7,8,70,61,87
"335","21-06100030","KLINIK KESIHATAN BANDAR TUN ABDUL RAZAK",7,6,100,66,73
"336","21-03040055","KLINIK KESIHATAN KOTA JEMBAL",5,0,60,495,470
"337","21-01060076","KLINIK KESIHATAN PARIT JAWA",17,31,NA,123,113
"338","21-10020252","KLINIK KESIHATAN SG. CHUA",8,33,231,902,753
"339","21-01010112","KLINIK KESIHATAN TONGKANG PECAH",4,31,0,237,216
"340","21-05040033","KLINIK KESIHATAN LINGGI",4,25,30,61,71
"341","21-08060056","KLINIK KESIHATAN KARAI",4,16,NA,137,194
"342","21-10030070","KLINIK KESIHATAN SUNGAI SELISEK",4,3,56,64,53
"343","21-08020090","KLINIK KESIHATAN SUNGAI SUMUN",16,2,30,68,96
"344","21-03060074","KLINIK KESIHATAN TEMANGAN",8,0,32,95,92
"345","21-02050324","Klinik Kesihatan Ibu Dan Anak Jitra",3,31,0,212,237
"346","21-02050324","KLINIK KESIHATAN JITRA",2,31,0,212,237
"347","21-02110043","KLINIK KESIHATAN GUAR CHEMPEDAK",7,30,99,655,702
"348","21-02040274","KLINIK KESIHATAN SUNGAI PASIR",8,30,80,446,486
"349","21-06030077","KLINIK KESIHATAN TANAH RATA",6,30,0,39,43
"350","21-05060046","KLINIK KESIHATAN RANTAU",3,30,60,196,229
"351","21-04030035","KLINIK KESIHATAN UJONG PASIR",3,30,50,689,811
"352","21-13010043","KLINIK KESIHATAN ASAJAYA",3,28,0,42,39
"353","21-12210684","KLINIK KESIHATAN TAWAU",3,24,0,163,65
"354","21-04010023","KLINIK KESIHATAN MACAP BARU",3,19,20,148,184
"355","21-04020037","KLINIK KESIHATAN UMBAI",3,5,50,278,338
"356","21-03030029","KLINIK KESIHATAN AYER LANAS",3,0,60,64,62
"357","21-02050031","KLINIK KESIHATAN BANAI",7,18,70,232,258
"358","21-02010082","KLINIK KESIHATAN TAWAR",5,8,35,63,71
"359","21-12060119","KLINIK KESIHATAN TELIPOK",4,8,0,136,56
"360","21-05020039","KLINIK KESIHATAN PALONG 7&8(FELDA)",4,2,NA,16,19
"361","21-06100071","KLINIK KESIHATAN ROMPIN",4,1,100,23,25
"362","0001","KLINIK TRAINING DEMO",4,1,NA,446,385
"363","21-12150094","KLINIK KESIHATAN PANTAI",4,0,0,7,2
"364","21-01010030","KLINIK KESIHATAN BAGAN",3,19,0,144,132
"365","21-04030033","KLINIK KESIHATAN SERI TANJUNG",3,9,NA,330,399
"366","21-08010218","KLINIK KESIHATAN TEMOH",4,16,0,133,189
"367","21-12100699","KLINIK KESIHATAN MESEJ PANGI",5,1,0,21,8
"368","21-15010027","KLINIK KESIHATAN UTC LABUAN",4,25,0,55,26
"369","21-04020025","KLINIK KESIHATAN MERLIMAU",3,25,50,180,218
"370","21-08050099","KLINIK KESIHATAN TRONOH",5,20,480,190,273
"371","21-09010045","KLINIK KESIHATAN ARAU",5,13,50,226,294
"372","21-09010046","KLINIK KESIHATAN KUALA SANGLANG",7,5,50,114,149
"373","21-01060044","KLINIK KESIHATAN BUKIT PASIR",6,24,NA,205,187
"374","21-10010110","KLINIK KESIHATAN HULU KELANG",4,24,100,1367,1141
"375","21-10050076","KLINIK KESIHATAN TELOK PANGLIMA GARANG",4,24,100,295,250
"376","21-14010009","KLINIK KESIHATAN BANDAR TUN RAZAK",8,22,190,2095,1561
"377","21-01100043","KLINIK KESIHATAN BUKIT GAMBIR",8,22,0,116,106
"378","21-14010012","KLINIK KESIHATAN CHERAS BARU",6,22,70,1960,1456
"379","21-10060029","KLINIK KESIHATAN BESTARI JAYA",4,21,80,88,73
"380","21-10020035","KLINIK KESIHATAN BATU 14",4,18,0,838,716
"381","21-09010047","KLINIK KESIHATAN KAKI BUKIT",6,17,50,61,81
"382","21-09010093","KLINIK KESIHATAN PAUH",4,8,50,183,239
"383","21-03070468","KLINIK KESIHATAN KASAR",4,7,24,396,380
"384","21-03040477","KLINIK KESIHATAN SUNGAI KELADI",8,3,NA,185,179
"385","21-02100154","KLINIK KESIHATAN KAMPUNG BETONG",49,1,30,50,56
"386","21-05040044","KLINIK KESIHATAN PORT DICKSON",1,1,110,93,105
"387","21-02020074","KLINIK KESIHATAN SERDANG",6,0,0,130,147
"388","21-10010109","KLINIK KESIHATAN BATU 8 GOMBAK",8,21,100,1257,1049
"389","21-09010004","KLINIK KESIHATAN BESERI",4,6,50,180,232
"390","21-09010009","KLINIK KESIHATAN SIMPANG EMPAT",22,3,50,165,215
"391","21-03070076","KLINIK KESIHATAN TO'UBAN",4,0,NA,346,332
"392","21-07030139","Klinik Kesihatan Machang Bubuk",4,22,80,598,728
"393","21-03040059","KLINIK KESIHATAN KUBANG KERIAN",11,21,72,584,553
"394","21-08080064","KLINIK KESIHATAN LEKIR",3,17,90,91,130
"395","21-09010005","KLINIK KESIHATAN KAMPUNG GIAL",4,5,50,212,275
"396","21-02070301","KLINIK KESIHATAN TEMONYONG",11,2,32,53,57
"397","21-10010068","KLINIK KESIHATAN SUNGAI BULOH",7,21,450,1222,1025
"398","21-03010039","KLINIK KESIHATAN BERIS",5,18,56,210,202
"399","21-03080084","KLINIK KESIHATAN BANGGOL PA' ESAH",3,1,40,153,145
"400","21-08040058","Klinik Kesihatan Kuala Gula",3,0,25,48,71
"401","21-04010022","KLINIK KESIHATAN LUBOK CHINA",3,0,48,90,110
"402","21-05070024","KLINIK KESIHATAN GEMENCHEH",4,20,60,56,65
"403","21-06050392","KLINIK KESIHATAN INDERA MAHKOTA",4,20,298,302,330
"404","21-05060036","KLINIK KESIHATAN NILAI",4,20,190,187,219
"405","21-10092302","KLINIK KESIHATAN SUNGAI BUAYA",4,20,24,117,99
"406","21-05020038","KLINIK KESIHATAN PALONG 4,5,6",2,20,40,25,29
"407","21-10030054","KLINIK KESIHATAN RASA",2,20,96,101,83
"408","21-01100104","KLINIK KESIHATAN SUNGAI MATI",2,20,0,176,162
"409","21-05020050","KLINIK KESIHATAN SERTING HILIR",4,17,60,22,25
"410","21-08110379","Klinik Kesihatan Kota Bharu",8,15,20,239,346
"411","21-13220379","KLINIK KESIHATAN SAMARINDAH",4,15,40,225,210
"412","21-04020078","KLINIK KESIHATAN NYALAS",4,14,20,67,81
"413","21-09010008","KLINIK KESIHATAN PADANG BESAR",4,13,50,88,114
"414","21-13080078","KLINIK KESIHATAN JULAU",7,9,0,16,15
"415","21-01060103","KLINIK KESIHATAN SRI MENANTI",4,8,NA,120,110
"416","21-04020028","KLINIK KESIHATAN SELANDAR",20,1,50,115,142
"417","21-02080068","KLINIK KESIHATAN NAKA",4,2,0,60,66
"418","21-03050065","KLINIK KESIHATAN PAHI",2,1,48,50,48
"419","21-13030206","KLINIK KESIHATAN SUNGAI ASAP",2,0,20,8,7
"420","21-01010079","KLINIK KESIHATAN PARIT SULONG",2,17,0,112,103
"421","21-01070091","KLINIK KESIHATAN PONTIAN",7,15,452,113,100
"422","21-12010082","KLINIK KESIHATAN MEMBAKUT",3,9,0,14,6
"423","21-04010114","KLINIK KESIHATAN TEBONG",9,3,16,78,96
"424","21-04010029","KLINIK KESIHATAN SIMPANG AMPAT",8,1,16,162,198
"425","21-13140118","KLINIK KESIHATAN LUBOK ANTU",17,0,20,21,19
"426","21-03060037","KLINIK KESIHATAN BATU 30",2,0,40,106,101
"427","21-08040057","KLINIK KESIHATAN KEDAI EMPAT",16,16,50,241,340
"428","21-10020247","KLINIK KESIHATAN BANDAR SERI PUTRA",4,16,231,295,250
"429","21-08020083","KLINIK KESIHATAN SELEKOH",8,5,16,57,80
"430","21-03080280","KLINIK KESIHATAN PASIR PUTEH",4,4,80,154,146
"431","21-12180347","KLINIK KESIHATAN SEMPORNA",8,3,0,69,27
"432","21-02010071","KLINIK KESIHATAN PARIT PANJANG",8,0,35,69,77
"433","21-03050158","KLINIK KESIHATAN KEROH (KUALA KRAI)",6,0,NA,48,45
"434","21-01060072","KLINIK KESIHATAN PAGOH",4,0,NA,57,52
"435","21-12060226","KLINIK KESIHATAN LIKAS",5,15,0,285,115
"436","21-01080047","KLINIK KESIHATAN BULOH KASAP",3,15,NA,92,84
"437","21-05060206","KLINIK KESIHATAN SIKAMAT",3,15,140,636,711
"438","21-01020428","KLINIK KESIHATAN TAMAN UNIVERSITI",1,15,270,537,487
"439","21-09010091","KLINIK KESIHATAN UTC PERLIS",4,11,50,266,340
"440","21-09010049","KLINIK KESIHATAN JEJAWI",5,3,25,257,330
"441","91-04020003","PEJABAT KESIHATAN DAERAH JASIN",3,1,0,160,194
"442","21-05060048","KLINIK KESIHATAN SENDAYAN (FELDA)",8,0,NA,247,287
"443","21-12040154","KLINIK KESIHATAN BATU PUTIH",5,0,0,147,60
"444","21-02070251","KLINIK KESIHATAN PULAU TUBA",5,0,24,22,24
"445","21-09010006","KLINIK KESIHATAN KANGAR",3,0,50,254,325
"446","21-08080072","KLINIK KESIHATAN PULAU PANGKOR",1,0,30,54,78
"447","21-11060023","KLINIK KESIHATAN BUKIT PAYONG",7,13,NA,264,274
"448","21-02080321","KLINIK KESIHATAN KUALA NERANG",4,6,140,67,75
"449","21-03050172","KLINIK KESIHATAN PERIA",4,0,NA,35,34
"450","21-03070129","KLINIK KESIHATAN GUAL PERIOK",3,0,32,170,165
"451","21-01010093","KLINIK KESIHATAN RENGIT",1,12,0,85,76
"452","21-01060068","KLINIK KESIHATAN LENGA",3,11,0,36,33
"453","21-05010055","KLINIK KESIHATAN TITI",2,10,80,43,49
"454","21-01010080","KLINIK KESIHATAN PARIT YAANI",5,9,NA,119,111
"455","21-03010316","KLINIK KESIHATAN BERIS PANCHOR",4,9,56,280,270
"456","21-03060279","KLINIK KESIHATAN MACHANG",1,8,NA,146,139
"457","21-02070222","KLINIK KESIHATAN NYIOR CHABANG",6,2,12,74,79
"458","21-13260045","KLINIK KESIHATAN BALAI RINGIN",12,1,20,19,17
"459","21-13010178","Klinik Kesihatan Sadong Jaya",4,1,12,37,33
"460","21-02100135","KLINIK KESIHATAN TELOI TIMUR",4,0,25,84,94
"461","21-02010065","KLINIK KESIHATAN MALAU",3,0,35,60,67
"462","21-08030063","KLINIK KESIHATAN LAWIN",1,0,60,14,20
"463","21-08080037","KLINIK KESIHATAN BRUAS",4,10,30,50,71
"464","21-08090104","KLINIK KESIHATAN AIR KUNING",3,3,20,56,81
"465","21-05060035","KLINIK KESIHATAN MANTIN",1,3,140,180,213
"466","21-02090079","KLINIK KESIHATAN SUNGAI TIANG",20,2,40,72,81
"467","21-13110388","KLINIK KESIHATAN BRAANG BAYUR",10,0,NA,227,209
"468","21-05060045","KLINIK KESIHATAN KUARTERS KLIA",2,0,60,138,162
"469","21-10030065","KLINIK KESIHATAN SOEHARTO",2,0,46,37,31
"470","21-13310214","KLINIK KESIHATAN TATAU",1,0,32,15,14
"471","21-01060074","KLINIK KESIHATAN PARIT BAKAR",3,9,0,234,212
"472","21-02110242","KLINIK KESIHATAN PERMATANG BULUH",3,9,21,156,174
"473","21-13300200","KLINIK KESIHATAN SRI AMAN",3,9,39,71,63
"474","21-13150650","KLINIK KESIHATAN STUNGKOR",3,9,20,20,18
"475","21-02110078","KLINIK KESIHATAN SUNGAI LIMAU DALAM",3,8,40,118,131
"476","21-10030205","Klinik Kesihatan Ibu Dan Anak Kuala Kubu Baru",2,7,0,60,49
"477","21-13260215","KLINIK KESIHATAN TEBAKANG",4,6,24,30,28
"478","21-02100322","KLINIK KESIHATAN IBU DAN ANAK SIK",2,5,0,146,159
"479","21-02100322","KLINIK KESIHATAN SIK",1,5,0,146,159
"480","21-10020219","KLINIK KESIHATAN BATU 9",1,8,346,1388,1162
"481","21-07010019","KLINIK KESIHATAN BAYAN BARU",1,8,190,923,1117
"482","21-13020196","KLINIK KESIHATAN SINGAI",2,7,24,107,100
"483","21-04010015","KLINIK KESIHATAN HUTAN PERCHA",3,6,8,107,132
"484","21-02020358","Klinik Komuniti Selama",3,6,1,80,88
"485","21-13130049","KLINIK KESIHATAN BATU DANAU",2,5,60,13,12
"486","21-08040096","KLINIK KESIHATAN TELUK MEDAN",3,1,50,138,197
"487","21-02100044","KLINIK KESIHATAN GULAU",27,0,25,20,22
"488","21-03010467","KLINIK KESIHATAN JELAWAT",3,0,100,192,185
"489","21-01100094","Klinik Kesihatan Sagil",6,7,NA,83,76
"490","21-04010084","KLINIK KESIHATAN PENGKALAN BALAK",213,6,12,142,172
"491","21-13020257","KLINIK KESIHATAN SINIAWAN",4,6,16,146,137
"492","21-04010065","KLINIK KESIHATAN GADEK",2,3,20,194,237
"493","21-03040033","KLINIK KESIHATAN BANDAR KOTA BHARU",1,5,160,652,613
"494","21-05020028","KLINIK KESIHATAN BANDAR SERI JEMPOL",1,5,40,44,50
"495","21-13050380","KLINIK KESIHATAN JEPAK",1,5,36,59,53
"496","21-13210166","KLINIK KESIHATAN PAKAN",7,4,0,12,11
"497","21-10092303","KLINIK KESIHATAN HULU BERNAM",4,4,40,81,66
"498","21-04010026","KLINIK KESIHATAN PADANG SEBANG",2,4,36,176,214
"499","21-10040052","Klinik Kesihatan Pulau Indah",4,0,100,172,143
"500","21-13150191","KLINIK KESIHATAN SEMATAN",6,3,20,11,10
"501","21-13260195","KLINIK KESIHATAN SIBURAN",3,3,44,553,496
"502","21-13390216","KLINIK KESIHATAN TEBEDU",1,0,10,21,19
"503","21-03070071","KLINIK KESIHATAN RANTAU PANJANG",160,0,64,214,201
"504","21-03070035","KLINIK KESIHATAN BANDAR PASIR MAS",2,0,116,344,331
"505","21-04020019","KLINIK KESIHATAN KEMENDOR",2,0,30,130,159
