FACILITY CODE,STATE,DISTRICT,KLINIK KESIHATAN,Sum of totalSlots,Count of availableSlots,TOTAL STOK VAKSIN,BookedSlots,RemainingSlots,UptakePercentage,,,,
21-12260120,Sabah,Telupid,KLINIK KESIHATAN TELUPID,8080,212,0,3,8077,0.000371287,,,,
21-05020034,Negeri Sembilan,Jempol,KLINIK KESIHATAN LUI MUDA,5056,79,40,11,5045,0.002175633,,,,
21-08020062,Perak,Hilir Perak,KLINIK KESIHATAN LANGKAP,4816,172,220,29,4787,0.006021595,,,,
21-03070230,Kelantan,Pasir Mas,KLINIK KESIHATAN PANGKAL KALA,2520,150,32,2,2518,0.000793651,,,,
21-08070417,Perak,Larut Matang Dan Selama,KLINIK KESIHATAN SIMPANG,1966,213,340,180,1786,0.09155646,,0.56309491,,
21-08070078,Perak,Larut Matang Dan Selama,KLINIK KESIHATAN POKOK ASSAM,1852,213,150,50,1802,0.02699784,,,,
21-03070044,Kelantan,Pasir Mas,KLINIK KESIHATAN CHEKOK,1521,121,40,116,1405,0.076265615,,,,
21-08030076,Perak,Hulu Perak,KLINIK KESIHATAN PENGKALAN HULU,1196,213,120,6,1190,0.005016722,,,,
21-04020050,Melaka,Jasin,KLINIK KESIHATAN BATANG MELAKA,1188,212,0,39,1149,0.032828283,,,,
21-01010101,Johor,Batu Pahat,KLINIK KESIHATAN SRI GADING,1175,215,0,207,968,0.176170213,,,,
21-12060084,Sabah,Kota Kinabalu,KLINIK KESIHATAN MENGGATAL,1057,151,0,35,1022,0.033112583,,,,
21-08030065,Perak,Hulu Perak,KLINIK KESIHATAN LENGGONG,1050,105,120,21,1029,0.02,,,,
21-08060071,Perak,Kuala Kangsar,KLINIK KESIHATAN PADANG RENGAS,1048,131,400,50,998,0.047709924,,,,
21-12070116,Sabah,Kota Marudu,KLINIK KESIHATAN TANDEK,1008,126,0,0,1008,0,,,,
21-11070031,Terengganu,Setiu,KLINIK KESIHATAN KAMPUNG RAHMAT,992,56,#N/A,2,990,0.002016129,,,,
21-11020037,Terengganu,Dungun,KLINIK KESIHATAN KUALA ABANG,981,213,#N/A,0,981,0,,,,
21-10050028,Selangor,Kuala Langat,KLINIK KESIHATAN KAMPUNG BANDAR,970,97,0,214,756,0.220618557,,,,
21-02120073,Kedah,Kota Setar,KLINIK KESIHATAN POKOK SENA,958,159,116,13,945,0.013569937,,,,
21-08040050,Perak,Kerian,KLINIK KESIHATAN JALAN BARU,886,134,50,107,779,0.120767494,,,,
21-08040210,Perak,Kerian,Klinik Kesihatan Selinsing,860,172,25,11,849,0.012790698,,,,
21-03040061,Kelantan,Kota Bharu,KLINIK KESIHATAN LUNDANG PAKU,840,42,40,13,827,0.01547619,,,,
21-10020031,Selangor,Hulu Langat,KLINIK KESIHATAN BERANANG,820,82,346,157,663,0.191463415,,,,
21-03090281,Kelantan,Tanah Merah,KLINIK KESIHATAN TANAH MERAH,749,100,104,14,735,0.018691589,,,,
21-02100046,Kedah,Sik,KLINIK KESIHATAN JENIANG,684,171,35,19,665,0.027777778,,,,
21-08070098,Perak,Larut Matang Dan Selama,KLINIK KESIHATAN TRONG,674,120,150,3,671,0.004451039,,,,
21-08020360,Perak,Hilir Perak,KLINIK KESIHATAN TELUK INTAN,669,57,720,167,502,0.249626308,,,,
21-03070117,Kelantan,Pasir Mas,KLINIK KESIHATAN CHERANG HANGUS,604,58,32,0,604,0,,,,
21-10040048,Selangor,Klang,KLINIK KESIHATAN PANDAMARAN,595,119,400,475,120,0.798319328,,,,
21-02050491,Kedah,Kubang Pasu,KLINIK KESIHATAN NAPOH,594,170,50,14,580,0.023569024,,,,
21-08040059,Perak,Kerian,KLINIK KESIHATAN KUALA KURAU,591,213,60,19,572,0.0321489,,,,
21-01010102,Johor,Batu Pahat,KLINIK KESIHATAN SRI MEDAN,560,28,#N/A,38,522,0.067857143,,,,
21-01010078,Johor,Batu Pahat,KLINIK KESIHATAN SRI MERLONG,558,130,#N/A,17,541,0.03046595,,,,
21-08070055,Perak,Larut Matang Dan Selama,KLINIK KESIHATAN KAMUNTING,552,12,240,215,337,0.389492754,,,,
21-12060059,Sabah,Kota Kinabalu,KLINIK KESIHATAN INANAM,546,78,0,0,546,0,,,,
21-12050113,Sabah,Kota Belud,KLINIK KESIHATAN TAGINAMBUR,533,41,0,1,532,0.001876173,,,,
21-01020429,Johor,Johor Bahru,KLINIK KESIHATAN SULTAN ISMAIL,485,21,300,469,16,0.967010309,,,,
21-14010411,Wilayah Persekutuan Kuala Lumpur & Putrajaya,Titiwangsa,KLINIK KESIHATAN KUALA LUMPUR,456,41,2655,306,150,0.671052632,,,,
21-08020031,Perak,Bagan Datuk,KLINIK KESIHATAN BAGAN DATOH,410,41,34,2,408,0.004878049,,,,
21-08060612,Perak,Kuala Kangsar,KLINIK KESIHATAN KUALA KANGSAR,406,40,700,99,307,0.243842365,,,,
21-01010096,Johor,Batu Pahat,KLINIK KESIHATAN SEMERAH,377,84,#N/A,0,377,0,,,,
21-10040042,Selangor,Klang,KLINIK KESIHATAN KAPAR,376,56,320,371,5,0.986702128,,,,
21-10070043,Selangor,Petaling,KLINIK KESIHATAN KELANA JAYA,375,19,480,363,12,0.968,,,,
21-08050047,Perak,Kinta,KLINIK KESIHATAN GUNUNG RAPAT,372,20,480,302,70,0.811827957,,,,
21-02090072,Kedah,Pendang,KLINIK KESIHATAN PENDANG,360,21,115,90,270,0.25,,,,
21-10070206,Selangor,Petaling,KLINIK KESIHATAN TAMAN MEDAN,354,59,340,354,0,1,,,,
21-14010017,Wilayah Persekutuan Kuala Lumpur & Putrajaya,Lembah Pantai,KLINIK KESIHATAN PETALING BAHAGIA,348,76,300,344,4,0.988505747,,,,
21-10020039,Selangor,Hulu Langat,KLINIK KESIHATAN KAJANG,344,41,346,272,72,0.790697674,,,,
21-01090063,Johor,Kulai,KLINIK KESIHATAN KULAI BESAR,343,29,700,340,3,0.991253644,,,,
21-02040030,Kedah,Kuala Muda,KLINIK KESIHATAN TAMAN INTAN,320,8,0,181,139,0.565625,,,,
21-08050075,Perak,Kinta,KLINIK KESIHATAN PASIR PINJI,266,23,500,263,3,0.988721805,,,,
21-02040037,Kedah,Kuala Muda,KLINIK KESIHATAN BANDAR SUNGAI PETANI,266,6,340,173,93,0.65037594,,,,
21-01090327,Johor,Kulai,KLINIK KESIHATAN SENAI,264,33,0,74,190,0.28030303,,,,
21-08070384,Perak,Larut Matang Dan Selama,KLINIK KESIHATAN TAIPING,260,26,350,258,2,0.992307692,,,,
21-07050040,Pulau Pinang,Timur Laut,KLINIK KESIHATAN SUNGAI DUA (TL),256,28,320,250,6,0.9765625,,,,
21-10020769,Selangor,Hulu Langat,KLINIK KESIHATAN BANDAR TUN HUSSEIN ONN,253,20,346,256,-3,1.011857708,,,,
21-10010055,Selangor,Gombak,KLINIK KESIHATAN RAWANG,252,12,500,250,2,0.992063492,,,,
21-01020060,Johor,Johor Bahru,KLINIK KESIHATAN KEMPAS,246,21,270,244,2,0.991869919,,,,
21-01020114,Johor,Johor Bahru,KLINIK KESIHATAN ULU TIRAM,240,12,270,235,5,0.979166667,,,,
21-10010059,Selangor,Gombak,KLINIK KESIHATAN SELAYANG BARU,238,9,550,197,41,0.827731092,,,,
21-04010024,Melaka,Alor Gajah,KLINIK KESIHATAN MASJID TANAH,230,46,60,36,194,0.156521739,,,,
21-08050045,Perak,Kinta,KLINIK KESIHATAN GREENTOWN,224,28,220,216,8,0.964285714,,,,
21-10030061,Selangor,Hulu Selangor,KLINIK KESIHATAN SERENDAH,223,28,232,219,4,0.98206278,,,,
21-10070248,Selangor,Petaling,KLINIK KESIHATAN SEKSYEN 19,222,19,520,216,6,0.972972973,,,,
21-12060077,Sabah,Kota Kinabalu,KLINIK KESIHATAN LUYANG,220,22,0,217,3,0.986363636,,,,
21-02030060,Kedah,Kota Setar,KLINIK KESIHATAN LANGGAR,220,44,128,15,205,0.068181818,,,,
21-02040051,Kedah,Kuala Muda,KLINIK KESIHATAN KOTA KUALA MUDA,220,22,100,0,220,0,,,,
21-05010051,Negeri Sembilan,Jelebu,KLINIK KESIHATAN SIMPANG DURIAN,212,20,60,24,188,0.113207547,,,,
21-11040214,Terengganu,Kemaman,KLINIK KESIHATAN BATU 2 1/2,211,19,260,43,168,0.203791469,,,,
21-14010010,Wilayah Persekutuan Kuala Lumpur & Putrajaya,Kepong,KLINIK KESIHATAN BATU MUDA,210,19,200,210,0,1,,,,
21-11050042,Terengganu,Kuala Terengganu,KLINIK KESIHATAN MANIR,208,22,260,99,109,0.475961538,,,,
21-08010046,Perak,Batang Padang,KLINIK KESIHATAN GUNUNG BESOUT,206,40,60,0,206,0,,,,
21-14010021,Wilayah Persekutuan Kuala Lumpur & Putrajaya,Lembah Pantai,KLINIK KESIHATAN TANGLIN,205,21,200,199,6,0.970731707,,,,
21-06020082,Pahang,Bera,KLINIK KESIHATAN TRIANG,204,9,200,185,19,0.906862745,,,,
21-08030611,Perak,Hulu Perak,KLINIK KESIHATAN FELDA BERSIA,200,20,120,39,161,0.195,,,,
21-08010091,Perak,Batang Padang,KLINIK KESIHATAN SUNGKAI,196,49,155,22,174,0.112244898,,,,
21-04010009,Melaka,Alor Gajah,KLINIK KESIHATAN ALOR GAJAH,192,32,168,39,153,0.203125,,,,
21-13280185,Sarawak,Simunjan,KLINIK KESIHATAN SEBUYAU,192,16,0,6,186,0.03125,,,,
21-08050093,Perak,Kinta,KLINIK KESIHATAN TANJUNG RAMBUTAN,184,21,300,182,2,0.989130435,,,,
21-07050028,Pulau Pinang,Timur Laut,KLINIK KESIHATAN JALAN PERAK,184,20,320,144,40,0.782608696,,,,
21-10070051,Selangor,Petaling,KLINIK KESIHATAN PUCHONG BATU 14,180,16,600,176,4,0.977777778,,,,
21-02040041,Kedah,Kuala Muda,KLINIK KESIHATAN BUKIT SELAMBAU,177,19,100,51,126,0.288135593,,,,
21-01010039,Johor,Batu Pahat,KLINIK KESIHATAN BATU PAHAT,175,9,1040,137,38,0.782857143,,,,
21-05030031,Negeri Sembilan,Kuala Pilah,KLINIK KESIHATAN KUALA PILAH,174,19,120,94,80,0.540229885,,,,
21-01020089,Johor,Johor Bahru,KLINIK KESIHATAN MAHMOODIAH,168,13,300,168,0,1,,,,
21-10090034,Selangor,Sepang,KLINIK KESIHATAN DENGKIL,168,40,0,155,13,0.922619048,,,,
21-03070075,Kelantan,Pasir Mas,KLINIK KESIHATAN TENDONG,168,12,72,0,168,0,,,,
21-08050041,Perak,Kinta,KLINIK KESIHATAN CHEMOR,166,20,400,165,1,0.993975904,,,,
21-08090074,Perak,Perak Tengah,KLINIK KESIHATAN PARIT,166,34,50,17,149,0.102409639,,,,
21-11020206,Terengganu,Dungun,KLINIK KESIHATAN KUALA DUNGUN,164,18,240,18,146,0.109756098,,,,
21-01030100,Johor,Kluang,Klinik Kesihatan Simpang Renggam,160,59,0,160,0,1,,,,
21-10020220,Selangor,Hulu Langat,KLINIK KESIHATAN BANDAR BARU BANGI,160,20,346,160,0,1,,,,
21-07040039,Pulau Pinang,Seberang Perai Utara,KLINIK KESIHATAN SUNGAI DUA (SPU),160,4,160,159,1,0.99375,,,,
21-07020037,Pulau Pinang,Seberang Perai Selatan,KLINIK KESIHATAN BANDAR TASIK MUTIARA,160,20,180,157,3,0.98125,,,,
21-08080085,Perak,Manjung,Klinik Kesihatan Sitiawan,160,16,270,157,3,0.98125,,,,
21-05060049,Negeri Sembilan,Seremban,KLINIK KESIHATAN SEREMBAN,160,21,260,155,5,0.96875,,,,
21-10040047,Selangor,Klang,KLINIK KESIHATAN MERU,160,16,200,104,56,0.65,,,,
21-04010014,Melaka,Alor Gajah,KLINIK KESIHATAN DURIAN TUNGGAL,160,40,64,93,67,0.58125,,,,
21-02060057,Kedah,Kulim,KLINIK KESIHATAN KULIM,155,17,180,155,0,1,,,,
21-06050375,Pahang,Kuantan,KLINIK KESIHATAN KURNIA,152,16,328,151,1,0.993421053,,,,
21-01050049,Johor,Mersing,KLINIK KESIHATAN ENDAU,152,16,0,20,132,0.131578947,,,,
21-12190105,Sabah,Sipitang,KLINIK KESIHATAN SINDUMIN,152,17,0,4,148,0.026315789,,,,
21-11080021,Terengganu,Kuala Nerus,KLINIK KESIHATAN BATU RAKIT,151,20,0,6,145,0.039735099,,,,
21-10070767,Selangor,Petaling,KLINIK KESIHATAN KOTA DAMANSARA,150,15,300,149,1,0.993333333,,,,
21-10090057,Selangor,Sepang,KLINIK KESIHATAN SALAK,150,15,600,149,1,0.993333333,,,,
21-13270636,Sarawak,Sibu,KLINIK KESIHATAN SIBU JAYA,150,6,160,128,22,0.853333333,,,,
21-05070053,Negeri Sembilan,Tampin,KLINIK KESIHATAN TAMPIN,144,3,100,87,57,0.604166667,,,,
21-03070064,Kelantan,Pasir Mas,KLINIK KESIHATAN MERANTI,144,12,64,4,140,0.027777778,,,,
21-06080068,Pahang,Pekan,KLINIK KESIHATAN PERAMU JAYA,144,20,120,3,141,0.020833333,,,,
21-08050070,Perak,Kinta,KLINIK KESIHATAN MENGLEMBU,143,15,50,142,1,0.993006993,,,,
21-06050032,Pahang,Kuantan,KLINIK KESIHATAN BESERAH,140,14,358,140,0,1,,,,
21-07040032,Pulau Pinang,Seberang Perai Utara,KLINIK KESIHATAN MAK MANDIN,140,34,100,95,45,0.678571429,,,,
21-13190225,Sarawak,Miri,KLINIK KESIHATAN TUDAN,138,9,240,138,0,1,,,,
21-13240672,Sarawak,Miri,KLINIK KESIHATAN BANDARAYA MIRI,135,9,#N/A,134,1,0.992592593,,,,
21-07030021,Pulau Pinang,Seberang Perai Tengah,KLINIK KESIHATAN BERAPIT,135,21,170,125,10,0.925925926,,,,
21-10040044,Selangor,Klang,KLINIK KESIHATAN ANIKA KLANG,135,27,160,111,24,0.822222222,,,,
21-02040067,Kedah,Kuala Muda,KLINIK KESIHATAN MERBOK,135,27,140,37,98,0.274074074,,,,
21-01030055,Johor,Kluang,KLINIK KESIHATAN KAHANG BATU 22,130,7,0,49,81,0.376923077,,,,
21-07020025,Pulau Pinang,Seberang Perai Selatan,KLINIK KESIHATAN BUKIT PANCHOR,128,16,180,129,-1,1.0078125,,,,
21-08050383,Perak,Kinta,KLINIK KESIHATAN BUNTONG,123,23,190,122,1,0.991869919,,,,
21-10020232,Selangor,Hulu Langat,KLINIK KESIHATAN TAMAN NIRWANA,120,20,231,119,1,0.991666667,,,,
21-08090061,Perak,Perak Tengah,KLINIK KESIHATAN LAMBOR KIRI,120,30,20,2,118,0.016666667,,,,
21-07040034,Pulau Pinang,Seberang Perai Utara,KLINIK KESIHATAN PENAGA,118,23,80,116,2,0.983050847,,,,
21-07030035,Pulau Pinang,Seberang Perai Tengah,KLINIK KESIHATAN PERAI,115,139,80,72,43,0.626086957,,,,
21-14010020,Wilayah Persekutuan Kuala Lumpur & Putrajaya,Cheras,KLINIK KESIHATAN SUNGAI BESI,114,19,400,112,2,0.98245614,,,,
21-10010030,Selangor,Gombak,KLINIK KESIHATAN BATU ARANG,113,17,250,62,51,0.548672566,,,,
21-08050051,Perak,Kinta,KLINIK KESIHATAN JELAPANG,112,16,330,112,0,1,,,,
21-01020715,Johor,Johor Bahru,KLINIK KESIHATAN BUKIT INDAH,112,4,270,110,2,0.982142857,,,,
21-08080267,Perak,Manjung,KLINIK KESIHATAN PENGKALAN BARU,112,20,15,14,98,0.125,,,,
21-08100092,Perak,Muallim,KLINIK KESIHATAN TANJUNG MALIM,111,14,250,109,2,0.981981982,,,,
21-06040401,Pahang,Jerantut,KLINIK KESIHATAN BANDAR JERANTUT,110,10,100,83,27,0.754545455,,,,
21-08090100,Perak,Perak Tengah,KLINIK KESIHATAN ULU DEDAP,110,22,120,8,102,0.072727273,,,,
21-12010130,Sabah,Beaufort,KLINIK KESIHATAN WESTON,110,21,0,8,102,0.072727273,,,,
21-08110044,Perak,Kampar,KLINIK KESIHATAN GOPENG,110,55,100,0,110,0,,,,
21-14010011,Wilayah Persekutuan Kuala Lumpur & Putrajaya,Cheras,KLINIK KESIHATAN CHERAS,109,12,270,103,6,0.944954128,,,,
21-05050047,Negeri Sembilan,Rembau,KLINIK KESIHATAN REMBAU,109,29,130,102,7,0.935779817,,,,
21-11030038,Terengganu,Hulu Terengganu,KLINIK KESIHATAN KUALA BERANG,108,8,240,12,96,0.111111111,,,,
21-08080073,Perak,Manjung,KLINIK KESIHATAN PANTAI REMIS,105,19,50,48,57,0.457142857,,,,
21-03100073,Kelantan,Tumpat,KLINIK KESIHATAN SUNGAI PINANG,105,21,#N/A,2,103,0.019047619,,,,
21-02020061,Kedah,Bandar Baharu,KLINIK KESIHATAN LUBUK BUNTAR,104,9,5,39,65,0.375,,,,
21-01050237,Johor,Mersing,KLINIK KESIHATAN NITAR 1,104,13,0,2,102,0.019230769,,,,
21-08020049,Perak,Bagan Datuk,KLINIK KESIHATAN HUTAN MELINTANG,102,32,104,39,63,0.382352941,,,,
21-02080239,Kedah,Padang Terap,KLINIK KESIHATAN PEDU,102,17,0,1,101,0.009803922,,,,
21-10090069,Selangor,Sepang,KLINIK KESIHATAN SUNGAI PELEK,101,21,0,95,6,0.940594059,,,,
21-10040033,Selangor,Klang,KLINIK KESIHATAN BUKIT KUDA,100,42,200,101,-1,1.01,,,,
21-10060073,Selangor,Kuala Selangor,KLINIK KESIHATAN TANJUNG KARANG,100,40,160,100,0,1,,,,
21-01010097,Johor,Batu Pahat,KLINIK KESIHATAN SENGGARANG,100,20,0,100,0,1,,,,
21-10010026,Selangor,Gombak,KLINIK KESIHATAN AU2,100,10,350,100,0,1,,,,
21-02030076,Kedah,Kota Setar,KLINIK KESIHATAN SIMPANG KUALA,100,8,148,100,0,1,,,,
21-04030267,Melaka,Melaka Tengah,KLINIK KESIHATAN BATU BERENDAM,100,10,100,99,1,0.99,,,,
21-04030013,Melaka,Melaka Tengah,KLINIK KESIHATAN CHENG,100,10,0,92,8,0.92,,,,
21-02050029,Kedah,Kubang Pasu,KLINIK KESIHATAN AYER HITAM,100,20,0,76,24,0.76,,,,
21-01060031,Johor,Muar,KLINIK KESIHATAN BAKRI,100,5,0,73,27,0.73,,,,
21-10060038,Selangor,Kuala Selangor,KLINIK KESIHATAN JERAM,100,170,120,48,52,0.48,,,,
21-06080362,Pahang,Pekan,KLINIK KESIHATAN BANDAR PEKAN,100,20,120,1,99,0.01,,,,
21-07051356,Pulau Pinang,Barat Daya,KLINIK KESIHATAN AIR PUTIH,99,20,100,96,3,0.96969697,,,,
21-10050037,Selangor,Kuala Langat,KLINIK KESIHATAN JENJAROM,99,19,100,96,3,0.96969697,,,,
21-07030036,Pulau Pinang,Seberang Perai Tengah,KLINIK KESIHATAN SEBERANG JAYA,98,19,170,98,0,1,,,,
21-05060180,Negeri Sembilan,Seremban,KLINIK KESIHATAN SEREMBAN 2,96,14,120,96,0,1,,,,
21-10070062,Selangor,Petaling,KLINIK KESIHATAN SERI KEMBANGAN,96,10,400,81,15,0.84375,,,,
21-08090610,Perak,Perak Tengah,KLINIK KESIHATAN SERI ISKANDAR,96,8,140,75,21,0.78125,,,,
21-08070033,Perak,Larut Matang Dan Selama,KLINIK KESIHATAN BATU KURAU,96,37,155,11,85,0.114583333,,,,
21-02060081,Kedah,Kulim,KLINIK KESIHATAN TAMAN SELASIH,95,11,140,95,0,1,,,,
21-13110050,Sarawak,Kuching,KLINIK KESIHATAN BATU KAWA,95,10,100,85,10,0.894736842,,,,
21-03050034,Kelantan,Kuala Krai,KLINIK KESIHATAN BANDAR KUALA KRAI,95,5,132,18,77,0.189473684,,,,
21-11020034,Terengganu,Dungun,KLINIK KESIHATAN KETENGAH JAYA,95,19,0,0,95,0,,,,
21-02040077,Kedah,Kuala Muda,KLINIK KESIHATAN SG. LALANG,94,19,160,94,0,1,,,,
21-08010095,Perak,Batang Padang,KLINIK KESIHATAN TAPAH,94,20,250,79,15,0.840425532,,,,
21-03100077,Kelantan,Tumpat,KLINIK KESIHATAN WAKAF BHARU,94,8,96,37,57,0.393617021,,,,
21-02030345,Kedah,Kota Setar,KLINIK KESIHATAN DATO' KUMBAR,92,19,108,88,4,0.956521739,,,,
21-02040040,Kedah,Kuala Muda,KLINIK KESIHATAN BEDONG,90,9,140,83,7,0.922222222,,,,
21-01030052,Johor,Kluang,KLINIK KESIHATAN MENGKIBOL,90,7,600,71,19,0.788888889,,,,
21-06070560,Pahang,Raub,KLINIK KESIHATAN BANDAR RAUB,90,4,220,31,59,0.344444444,,,,
21-11020045,Terengganu,Dungun,KLINIK KESIHATAN PAKA,90,15,#N/A,0,90,0,,,,
21-01090213,Johor,Kulai,Klinik Desa Kelapa Sawit,89,18,0,58,31,0.651685393,,,,
21-07050027,Pulau Pinang,Timur Laut,KLINIK KESIHATAN JALAN MACALISTER,88,11,160,82,6,0.931818182,,,,
21-13110084,Sarawak,Kuching,KLINIK KESIHATAN KOTA SENTOSA,86,9,100,87,-1,1.011627907,,,,
21-07050125,Pulau Pinang,Timur Laut,KLINIK KESIHATAN JALAN ANGSANA,86,9,320,77,9,0.895348837,,,,
21-04030020,Melaka,Melaka Tengah,KLINIK KESIHATAN KLEBANG BESAR,86,18,50,45,41,0.523255814,,,,
21-13190128,Sarawak,Miri,KLINIK KESIHATAN JALAN MERBAU,86,9,240,37,49,0.430232558,,,,
21-03040195,Kelantan,Kota Bharu,KLINIK KESIHATAN KOK LANAS,85,8,112,37,48,0.435294118,,,,
21-08050054,Perak,Kinta,KLINIK KESIHATAN KAMPUNG SIMEE,84,20,500,80,4,0.952380952,,,,
21-07050018,Pulau Pinang,Timur Laut,KLINIK KESIHATAN AIR ITAM,84,6,160,74,10,0.880952381,,,,
21-08010034,Perak,Batang Padang,KLINIK KESIHATAN BIDOR,84,21,235,56,28,0.666666667,,,,
21-08040032,Perak,Kerian,KLINIK KESIHATAN BAGAN SERAI,84,12,100,54,30,0.642857143,,,,
21-01030073,Johor,Kluang,KLINIK KESIHATAN PALOH,84,21,0,53,31,0.630952381,,,,
21-08050094,Perak,Kinta,KLINIK KESIHATAN TANJUNG TUALANG,84,13,50,43,41,0.511904762,,,,
21-02050083,Kedah,Kubang Pasu,KLINIK KESIHATAN TUNJANG,84,29,70,33,51,0.392857143,,,,
21-02060063,Kedah,Kulim,KLINIK KESIHATAN LUNAS,84,7,140,12,72,0.142857143,,,,
21-11010224,Terengganu,Besut,KLINIK KESIHATAN PADANG LUAS,84,19,0,5,79,0.05952381,,,,
21-07050023,Pulau Pinang,Timur Laut,KLINIK KESIHATAN BUKIT JAMBUL,82,18,160,81,1,0.987804878,,,,
21-10070063,Selangor,Petaling,KLINIK KESIHATAN SEKSYEN 7 SHAH ALAM,82,9,560,80,2,0.975609756,,,,
21-01060032,Johor,Muar,KLINIK KESIHATAN MAHARANI,82,9,250,77,5,0.93902439,,,,
21-07010020,Pulau Pinang,Barat Daya,KLINIK KESIHATAN BAYAN LEPAS,81,9,190,76,5,0.938271605,,,,
21-08110052,Perak,Kampar,KLINIK KESIHATAN KAMPAR,80,16,150,80,0,1,,,,
21-13110129,Sarawak,Kuching,KLINIK KESIHATAN JALAN MASJID,80,7,80,80,0,1,,,,
21-07030335,Pulau Pinang,Seberang Perai Tengah,KLINIK KESIHATAN BANDAR PERDA,80,12,170,79,1,0.9875,,,,
21-01020106,Johor,Johor Bahru,KLINIK KESIHATAN TEBRAU,80,8,100,79,1,0.9875,,,,
21-02050042,Kedah,Kubang Pasu,KLINIK KESIHATAN CHANGLOON,80,20,100,32,48,0.4,,,,
21-06070027,Pahang,Maran,KLINIK KESIHATAN BANDAR JENGKA,80,8,180,22,58,0.275,,,,
21-01050071,Johor,Mersing,KLINIK KESIHATAN MERSING KANAN,80,40,120,19,61,0.2375,,,,
21-03030024,Kelantan,Jeli,KLINIK KESIHATAN JELI,80,8,100,7,73,0.0875,,,,
21-13120096,Sarawak,Lawas,KLINIK KESIHATAN LAWAS,80,9,80,3,77,0.0375,,,,
21-03020032,Kelantan,Gua Musang,KLINIK KESIHATAN GUA MUSANG,80,8,#N/A,0,80,0,,,,
21-03010051,Kelantan,Bachok,KLINIK KESIHATAN GUNONG,80,8,80,0,80,0,,,,
21-02030054,Kedah,Kota Setar,KLINIK KESIHATAN KUALA KEDAH,78,12,112,78,0,1,,,,
21-02050049,Kedah,Kubang Pasu,KLINIK KESIHATAN KEPALA BATAS,78,10,70,74,4,0.948717949,,,,
21-01060081,Johor,Muar,KLINIK KESIHATAN PARIT YUSOF,78,39,#N/A,3,75,0.038461538,,,,
21-05020021,Negeri Sembilan,Jempol,KLINIK KESIHATAN BAHAU,77,11,110,72,5,0.935064935,,,,
21-01080095,Johor,Segamat,KLINIK KESIHATAN SEGAMAT,77,8,20,72,5,0.935064935,,,,
21-08070038,Perak,Larut Matang Dan Selama,KLINIK KESIHATAN CHANGKAT JERING,77,14,150,25,52,0.324675325,,,,
21-04030027,Melaka,Melaka Tengah,KLINIK KESIHATAN PERINGGIT,76,10,100,63,13,0.828947368,,,,
21-08070088,Perak,Larut Matang Dan Selama,KLINIK KESIHATAN SUNGAI KERANG,76,20,50,0,76,0,,,,
21-04030011,Melaka,Melaka Tengah,KLINIK KESIHATAN AYER MOLEK,75,14,100,75,0,1,,,,
21-01010115,Johor,Batu Pahat,KLINIK KESIHATAN YONG PENG,75,4,0,22,53,0.293333333,,,,
21-13110389,Sarawak,Kuching,KLINIK KESIHATAN PETRA JAYA,74,3,100,74,0,1,,,,
21-02010055,Kedah,Baling,KLINIK KESIHATAN KUALA KETIL,74,4,70,34,40,0.459459459,,,,
21-02070053,Kedah,Langkawi,KLINIK KESIHATAN KUAH,74,16,60,25,49,0.337837838,,,,
21-10050074,Selangor,Kuala Langat,KLINIK KESIHATAN TANJUNG SEPAT,72,17,0,65,7,0.902777778,,,,
21-02050050,Kedah,Kubang Pasu,KLINIK KESIHATAN KODIANG,72,132,80,24,48,0.333333333,,,,
21-08090040,Perak,Perak Tengah,KLINIK KESIHATAN CHANGKAT LADA,70,14,70,10,60,0.142857143,,,,
21-06060031,Pahang,Lipis,KLINIK KESIHATAN BENTA,69,15,180,52,17,0.753623188,,,,
21-02010058,Kedah,Baling,KLINIK KESIHATAN KUPANG,69,8,70,42,27,0.608695652,,,,
21-10020025,Selangor,Hulu Langat,KLINIK KESIHATAN AMPANG,68,9,346,67,1,0.985294118,,,,
21-02030028,Kedah,Kota Setar,KLINIK KESIHATAN ALOR JANGGUS,68,134,88,64,4,0.941176471,,,,
21-06110029,Pahang,Temerloh,KLINIK KESIHATAN BANDAR MENTAKAB,68,17,900,51,17,0.75,,,,
21-12140095,Sabah,Penampang,KLINIK KESIHATAN PENAMPANG,66,7,0,58,8,0.878787879,,,,
21-04010021,Melaka,Alor Gajah,KLINIK KESIHATAN KUALA SUNGAI BARU,66,11,80,5,61,0.075757576,,,,
21-01090402,Johor,Kulai,KLINIK KESIHATAN KULAI,65,6,0,65,0,1,,,,
21-10010046,Selangor,Gombak,KLINIK KESIHATAN KUANG,65,13,300,63,2,0.969230769,,,,
21-11060043,Terengganu,Marang,KLINIK KESIHATAN MARANG,65,13,240,1,64,0.015384615,,,,
21-01100083,Johor,Tangkak,KLINIK KESIHATAN PAYAMAS,64,6,360,65,-1,1.015625,,,,
21-13240182,Sarawak,Sarikei,KLINIK KESIHATAN SARIKEI,64,9,80,64,0,1,,,,
21-12060333,Sabah,Kota Kinabalu,KLINIK KESIHATAN IBU DAN ANAK JLN. KEBAJIKAN,63,21,0,58,5,0.920634921,,,,
21-03100036,Kelantan,Tumpat,KLINIK KESIHATAN BANDAR TUMPAT,62,11,92,3,59,0.048387097,,,,
21-08080030,Perak,Manjung,KLINIK KESIHATAN AYER TAWAR,60,12,60,60,0,1,,,,
21-10060036,Selangor,Kuala Selangor,KLINIK KESIHATAN IJOK,60,20,80,58,2,0.966666667,,,,
21-14010014,Wilayah Persekutuan Kuala Lumpur & Putrajaya,Kepong,KLINIK KESIHATAN JINJANG,60,12,400,57,3,0.95,,,,
21-06010330,Pahang,Bentong,KLINIK KESIHATAN BENTONG,60,7,120,50,10,0.833333333,,,,
21-03010062,Kelantan,Bachok,KLINIK KESIHATAN MAHLIGAI,60,6,60,7,53,0.116666667,,,,
21-13250188,Sarawak,Selangau,KLINIK KESIHATAN SELANGAU,60,3,60,5,55,0.083333333,,,,
21-13230154,Sarawak,Saratok,KLINIK KESIHATAN NANGA ATOI,60,2,12,0,60,0,,,,
21-12160074,Sabah,Ranau,KLINIK KESIHATAN KUNDASANG,59,59,0,4,55,0.06779661,,,,
21-02030032,Kedah,Kota Setar,KLINIK KESIHATAN BANDAR ALOR SETAR,58,7,152,0,58,0,,,,
21-16010010,Wilayah Persekutuan Kuala Lumpur & Putrajaya,Putrajaya,KLINIK KESIHATAN PUTRAJAYA PRESINT 18,57,9,120,50,7,0.877192982,,,,
21-09010018,Perlis,Kangar,KLINIK DESA FELDA CHUPING,57,19,25,0,57,0,,,,
21-12170366,Sabah,Sandakan,KLINIK KESIHATAN SANDAKAN,56,7,0,55,1,0.982142857,,,,
21-10050075,Selangor,Kuala Langat,KLINIK KESIHATAN TELOK DATOK,56,7,0,55,1,0.982142857,,,,
21-03050063,Kelantan,Kuala Krai,KLINIK KESIHATAN MANIK URAI,56,7,100,6,50,0.107142857,,,,
21-04020060,Melaka,Jasin,KLINIK KESIHATAN FELDA BUKIT SENGGEH,56,8,20,1,55,0.017857143,,,,
21-04030034,Melaka,Melaka Tengah,KLINIK KESIHATAN TENGKERA,55,6,100,55,0,1,,,,
21-05070023,Negeri Sembilan,Tampin,KLINIK KESIHATAN GEMAS,55,4,60,55,0,1,,,,
21-02090056,Kedah,Pendang,KLINIK KESIHATAN KUBUR PANJANG,55,22,55,9,46,0.163636364,,,,
21-08090036,Perak,Perak Tengah,KLINIK KESIHATAN BOTA KIRI,55,11,60,0,55,0,,,,
21-01030067,Johor,Kluang,KLINIK KESIHATAN LAYANG-LAYANG,54,19,0,54,0,1,,,,
21-02060070,Kedah,Kulim,KLINIK KESIHATAN PADANG SERAI,54,9,180,53,1,0.981481481,,,,
21-05040041,Negeri Sembilan,Port Dickson,KLINIK KESIHATAN PASIR PANJANG,54,9,50,48,6,0.888888889,,,,
21-03040067,Kelantan,Kota Bharu,KLINIK KESIHATAN PENGKALAN CHEPA,54,9,108,14,40,0.259259259,,,,
21-03100042,Kelantan,Tumpat,KLINIK KESIHATAN BUNOHAN,54,10,44,0,54,0,,,,
21-10072313,Selangor,Sepang,KLINIK KESIHATAN DESA PUTRA,52,20,0,49,3,0.942307692,,,,
21-03060070,Kelantan,Machang,KLINIK KESIHATAN PULAI CHONDONG,52,10,40,4,48,0.076923077,,,,
21-04010266,Melaka,Alor Gajah,KLINIK KESIHATAN REMBIA,51,18,52,41,10,0.803921569,,,,
21-04020031,Melaka,Jasin,KLINIK KESIHATAN SUNGAI RAMBAI,50,7,50,49,1,0.98,,,,
21-01030390,Johor,Kluang,KLINIK KESIHATAN IBU DAN ANAK KLUANG,50,2,0,49,1,0.98,,,,
21-08040097,Perak,Kerian,Klinik Kesihatan Tanjung Piandang,50,10,50,43,7,0.86,,,,
21-01030056,Johor,Kluang,KLINIK KESIHATAN KAHANG TIMUR,50,4,0,40,10,0.8,,,,
21-04020018,Melaka,Jasin,KLINIK KESIHATAN JASIN,50,10,60,29,21,0.58,,,,
21-08100086,Perak,Muallim,KLINIK KESIHATAN SLIM RIVER,50,7,120,15,35,0.3,,,,
21-13360052,Sarawak,Miri,KLINIK KESIHATAN BATU NIAH,50,10,80,11,39,0.22,,,,
21-03040066,Kelantan,Kota Bharu,KLINIK KESIHATAN PENAMBANG,50,5,48,1,49,0.02,,,,
21-03030058,Kelantan,Jeli,KLINIK KESIHATAN KUALA BALAH,50,9,40,0,50,0,,,,
21-10060045,Selangor,Kuala Selangor,KLINIK KESIHATAN KUALA SELANGOR,49,9,100,22,27,0.448979592,,,,
21-01060037,Johor,Muar,KLINIK KESIHATAN AIR HITAM,49,5,#N/A,4,45,0.081632653,,,,
21-10040175,Selangor,Klang,KLINIK KESIHATAN SUNGAI BERTEK,48,3,120,41,7,0.854166667,,,,
21-12240121,Sabah,Tuaran,KLINIK KESIHATAN TENGHILAN,48,4,0,3,45,0.0625,,,,
21-10040249,Selangor,Klang,KLINIK KESIHATAN BANDAR BOTANIK,47,9,600,47,0,1,,,,
21-07040042,Pulau Pinang,Seberang Perai Utara,KLINIK KESIHATAN TASEK GELUGOR,47,9,80,47,0,1,,,,
21-05060019,Negeri Sembilan,Seremban,KLINIK KESIHATAN AMPANGAN,46,3,200,46,0,1,,,,
21-02070069,Kedah,Langkawi,KLINIK KESIHATAN PADANG MATSIRAT,46,20,48,25,21,0.543478261,,,,
21-16010003,Wilayah Persekutuan Kuala Lumpur & Putrajaya,Putrajaya,KLINIK KESIHATAN PUTRAJAYA PRESINT 9,45,9,300,45,0,1,,,,
21-04030049,Melaka,Melaka Tengah,KLINIK KESIHATAN BACHANG,45,7,0,45,0,1,,,,
21-07030024,Pulau Pinang,Seberang Perai Tengah,KLINIK KESIHATAN BUKIT MINYAK,45,9,170,40,5,0.888888889,,,,
21-13220083,Sarawak,Samarahan,KLINIK KESIHATAN KOTA SAMARAHAN,45,8,0,40,5,0.888888889,,,,
21-07050041,Pulau Pinang,Timur Laut,KLINIK KESIHATAN TANJUNG BUNGAH,45,6,160,40,5,0.888888889,,,,
21-09010007,Perlis,Kangar,KLINIK KESIHATAN KUALA PERLIS,45,19,50,29,16,0.644444444,,,,
21-02060048,Kedah,Kulim,KLINIK KESIHATAN KARANGAN,45,5,140,25,20,0.555555556,,,,
21-10030077,Selangor,Hulu Selangor,KLINIK KESIHATAN ULU YAM BHARU,45,9,164,19,26,0.422222222,,,,
21-11020022,Terengganu,Dungun,KLINIK KESIHATAN BUKIT BESI,45,15,0,0,45,0,,,,
21-12250101,Sabah,Putatan,KLINIK KESIHATAN PUTATAN,43,10,0,43,0,1,,,,
21-08010328,Perak,Batang Padang,KLINIK KESIHATAN TAPAH ROAD,43,20,75,37,6,0.860465116,,,,
21-08110067,Perak,Kampar,KLINIK KESIHATAN MALIM NAWAR,42,11,50,40,2,0.952380952,,,,
21-01030092,Johor,Kluang,KLINIK KESIHATAN RENGGAM,42,9,0,40,2,0.952380952,,,,
21-02030045,Kedah,Kota Setar,KLINIK KESIHATAN JALAN PUTRA,42,8,108,40,2,0.952380952,,,,
21-01080065,Johor,Segamat,KLINIK KESIHATAN LABIS,42,6,20,37,5,0.880952381,,,,
21-02110039,Kedah,Yan,KLINIK KESIHATAN YAN,42,8,50,36,6,0.857142857,,,,
21-10040271,Selangor,Klang,Klinik Kesihatan Bukit Naga,41,7,120,36,5,0.87804878,,,,
21-07040026,Pulau Pinang,Seberang Perai Utara,KLINIK KESIHATAN BUTTERWORTH,40,30,140,40,0,1,,,,
21-01020070,Johor,Johor Bahru,KLINIK KESIHATAN MASAI,40,7,270,40,0,1,,,,
21-04030012,Melaka,Melaka Tengah,KLINIK KESIHATAN BUKIT RAMBAI,40,4,50,40,0,1,,,,
21-01060057,Johor,Muar,KLINIK KESIHATAN MUAR,40,4,250,40,0,1,,,,
21-05060179,Negeri Sembilan,Seremban,KLINIK KESIHATAN SENAWANG,40,4,220,40,0,1,,,,
21-13270075,Sarawak,Sibu,KLINIK KESIHATAN JALAN LANANG,40,2,160,40,0,1,,,,
21-13270076,Sarawak,Sibu,KLINIK KESIHATAN JALAN OYA,40,2,160,40,0,1,,,,
21-13050064,Sarawak,Bintulu,KLINIK KESIHATAN BINTULU,40,1,400,40,0,1,,,,
21-04020030,Melaka,Jasin,KLINIK KESIHATAN SIMPANG BEKOH,40,10,50,39,1,0.975,,,,
21-02020034,Kedah,Bandar Baharu,KLINIK KESIHATAN BANDAR BAHARU,40,7,14,34,6,0.85,,,,
21-13110209,Sarawak,Kuching,KLINIK KESIHATAN TANAH PUTEH,40,4,100,34,6,0.85,,,,
21-03040043,Kelantan,Kota Bharu,KLINIK KESIHATAN CABANG 3 PEROL,40,6,#N/A,31,9,0.775,,,,
21-10030040,Selangor,Hulu Selangor,KLINIK KESIHATAN KALUMPANG,40,8,56,29,11,0.725,,,,
21-05030030,Negeri Sembilan,Kuala Pilah,KLINIK KESIHATAN JUASSEH,40,7,40,27,13,0.675,,,,
21-08020042,Perak,Hilir Perak,KLINIK KESIHATAN CHENDERONG BALAI,40,8,160,26,14,0.65,,,,
21-05030029,Negeri Sembilan,Kuala Pilah,KLINIK KESIHATAN JOHOL,40,8,40,22,18,0.55,,,,
21-02010047,Kedah,Baling,KLINIK KESIHATAN KAMPUNG LALANG,40,8,55,19,21,0.475,,,,
21-03060060,Kelantan,Machang,KLINIK KESIHATAN LABOK,40,4,48,18,22,0.45,,,,
21-03080045,Kelantan,Pasir Puteh,KLINIK KESIHATAN CHERANG RUKU,40,8,40,2,38,0.05,,,,
21-02080062,Kedah,Padang Terap,KLINIK KESIHATAN LUBUK MERBAU,40,16,0,0,40,0,,,,
21-08040048,Perak,Kerian,KLINIK KESIHATAN GUNUNG SEMANGGOL,40,10,60,0,40,0,,,,
21-01100045,Johor,Tangkak,Klinik Kesihatan Bukit Serampang,40,8,#N/A,0,40,0,,,,
21-13090121,Sarawak,Kanowit,Klinik Kesihatan Machan,40,4,40,0,40,0,,,,
21-03050047,Kelantan,Kuala Krai,KLINIK KESIHATAN DABONG,39,3,40,0,39,0,,,,
21-04030032,Melaka,Melaka Tengah,KLINIK KESIHATAN SUNGAI UDANG,38,8,50,32,6,0.842105263,,,,
21-10010204,Selangor,Gombak,KLINIK KESIHATAN GOMBAK SETIA,37,9,500,37,0,1,,,,
21-05040130,Negeri Sembilan,Port Dickson,KLINIK KESIHATAN LUKUT,37,5,50,37,0,1,,,,
21-06010050,Pahang,Bentong,KLINIK KESIHATAN KARAK,36,14,80,36,0,1,,,,
21-04030010,Melaka,Melaka Tengah,KLINIK KESIHATAN AYER KEROH,36,2,100,36,0,1,,,,
21-02070027,Kedah,Langkawi,KLINIK KESIHATAN AIR HANGAT,36,12,40,23,13,0.638888889,,,,
21-01030113,Johor,Kluang,KLINIK KESIHATAN ULU BELITONG,36,6,0,18,18,0.5,,,,
21-02060066,Kedah,Kulim,KLINIK KESIHATAN MERBAU PULAS,36,6,250,11,25,0.305555556,,,,
21-08040029,Perak,Kerian,KLINIK KESIHATAN ALOR PONGSU,36,18,50,2,34,0.055555556,,,,
21-01080035,Johor,Segamat,KLINIK KESIHATAN BANDAR PUTRA,35,3,0,55,-20,1.571428571,,,,
21-10010071,Selangor,Gombak,KLINIK KESIHATAN TAMAN EHSAN,35,7,400,35,0,1,,,,
21-15010004,Wilayah Persekutuan Labuan,Labuan,KLINIK KESIHATAN WP LABUAN,35,4,0,35,0,1,,,,
21-03100318,Kelantan,Tumpat,KLINIK KESIHATAN PASIR PEKAN,35,7,68,20,15,0.571428571,,,,
21-02050059,Kedah,Kubang Pasu,KLINIK KESIHATAN LAKA TEMIN,35,7,0,12,23,0.342857143,,,,
21-08090053,Perak,Perak Tengah,KLINIK KESIHATAN KAMPUNG GAJAH,35,7,70,8,27,0.228571429,,,,
21-06100030,Pahang,Rompin,KLINIK KESIHATAN BANDAR TUN ABDUL RAZAK,35,7,100,6,29,0.171428571,,,,
21-03040055,Kelantan,Kota Bharu,KLINIK KESIHATAN KOTA JEMBAL,35,5,60,0,35,0,,,,
21-01060076,Johor,Muar,KLINIK KESIHATAN PARIT JAWA,34,17,#N/A,31,3,0.911764706,,,,
21-10020252,Selangor,Hulu Langat,KLINIK KESIHATAN SG. CHUA,33,8,231,33,0,1,,,,
21-01010112,Johor,Batu Pahat,KLINIK KESIHATAN TONGKANG PECAH,32,4,0,31,1,0.96875,,,,
21-05040033,Negeri Sembilan,Port Dickson,KLINIK KESIHATAN LINGGI,32,4,30,25,7,0.78125,,,,
21-08060056,Perak,Kuala Kangsar,KLINIK KESIHATAN KARAI,32,4,#N/A,16,16,0.5,,,,
21-10030070,Selangor,Hulu Selangor,KLINIK KESIHATAN SUNGAI SELISEK,32,4,56,3,29,0.09375,,,,
21-08020090,Perak,Bagan Datuk,KLINIK KESIHATAN SUNGAI SUMUN,32,16,30,2,30,0.0625,,,,
21-03060074,Kelantan,Machang,KLINIK KESIHATAN TEMANGAN,32,8,32,0,32,0,,,,
21-02050324,Kedah,Kubang Pasu,Klinik Kesihatan Ibu Dan Anak Jitra,31,3,0,31,0,1,,,,
21-02050324,Kedah,Kubang Pasu,KLINIK KESIHATAN JITRA,31,2,0,31,0,1,,,,
21-02110043,Kedah,Yan,KLINIK KESIHATAN GUAR CHEMPEDAK,31,7,99,30,1,0.967741935,,,,
21-02040274,Kedah,Kuala Muda,KLINIK KESIHATAN SUNGAI PASIR,30,8,80,30,0,1,,,,
21-06030077,Pahang,Cameron Highlands,KLINIK KESIHATAN TANAH RATA,30,6,0,30,0,1,,,,
21-05060046,Negeri Sembilan,Seremban,KLINIK KESIHATAN RANTAU,30,3,60,30,0,1,,,,
21-04030035,Melaka,Melaka Tengah,KLINIK KESIHATAN UJONG PASIR,30,3,50,30,0,1,,,,
21-13010043,Sarawak,Asajaya,KLINIK KESIHATAN ASAJAYA,30,3,0,28,2,0.933333333,,,,
21-12210684,Sabah,Tawau,KLINIK KESIHATAN TAWAU,30,3,0,24,6,0.8,,,,
21-04010023,Melaka,Alor Gajah,KLINIK KESIHATAN MACAP BARU,30,3,20,19,11,0.633333333,,,,
21-04020037,Melaka,Jasin,KLINIK KESIHATAN UMBAI,30,3,50,5,25,0.166666667,,,,
21-03030029,Kelantan,Jeli,KLINIK KESIHATAN AYER LANAS,30,3,60,0,30,0,,,,
21-02050031,Kedah,Kubang Pasu,KLINIK KESIHATAN BANAI,28,7,70,18,10,0.642857143,,,,
21-02010082,Kedah,Baling,KLINIK KESIHATAN TAWAR,28,5,35,8,20,0.285714286,,,,
21-12060119,Sabah,Kota Kinabalu,KLINIK KESIHATAN TELIPOK,28,4,0,8,20,0.285714286,,,,
21-05020039,Negeri Sembilan,Jempol,KLINIK KESIHATAN PALONG 7&8(FELDA),28,4,#N/A,2,26,0.071428571,,,,
21-06100071,Pahang,Rompin,KLINIK KESIHATAN ROMPIN,28,4,100,1,27,0.035714286,,,,
0001,Selangor,Hulu Langat,KLINIK TRAINING DEMO,28,4,#N/A,1,27,0.035714286,,,,
21-12150094,Sabah,Pitas,KLINIK KESIHATAN PANTAI,28,4,0,0,28,0,,,,
21-01010030,Johor,Batu Pahat,KLINIK KESIHATAN BAGAN,27,3,0,19,8,0.703703704,,,,
21-04030033,Melaka,Melaka Tengah,KLINIK KESIHATAN SERI TANJUNG,27,3,#N/A,9,18,0.333333333,,,,
21-08010218,Perak,Batang Padang,KLINIK KESIHATAN TEMOH,26,4,0,16,10,0.615384615,,,,
21-12100699,Sabah,Kunak,KLINIK KESIHATAN MESEJ PANGI,26,5,0,1,25,0.038461538,,,,
21-15010027,Wilayah Persekutuan Labuan,Labuan,KLINIK KESIHATAN UTC LABUAN,25,4,0,25,0,1,,,,
21-04020025,Melaka,Jasin,KLINIK KESIHATAN MERLIMAU,25,3,50,25,0,1,,,,
21-08050099,Perak,Kinta,KLINIK KESIHATAN TRONOH,25,5,480,20,5,0.8,,,,
21-09010045,Perlis,Kangar,KLINIK KESIHATAN ARAU,25,5,50,13,12,0.52,,,,
21-09010046,Perlis,Kangar,KLINIK KESIHATAN KUALA SANGLANG,25,7,50,5,20,0.2,,,,
21-01060044,Johor,Muar,KLINIK KESIHATAN BUKIT PASIR,24,6,#N/A,24,0,1,,,,
21-10010110,Selangor,Gombak,KLINIK KESIHATAN HULU KELANG,24,4,100,24,0,1,,,,
21-10050076,Selangor,Kuala Langat,KLINIK KESIHATAN TELOK PANGLIMA GARANG,24,4,100,24,0,1,,,,
21-14010009,Wilayah Persekutuan Kuala Lumpur & Putrajaya,Cheras,KLINIK KESIHATAN BANDAR TUN RAZAK,24,8,190,22,2,0.916666667,,,,
21-01100043,Johor,Tangkak,KLINIK KESIHATAN BUKIT GAMBIR,24,8,0,22,2,0.916666667,,,,
21-14010012,Wilayah Persekutuan Kuala Lumpur & Putrajaya,Cheras,KLINIK KESIHATAN CHERAS BARU,24,6,70,22,2,0.916666667,,,,
21-10060029,Selangor,Kuala Selangor,KLINIK KESIHATAN BESTARI JAYA,24,4,80,21,3,0.875,,,,
21-10020035,Selangor,Hulu Langat,KLINIK KESIHATAN BATU 14,24,4,0,18,6,0.75,,,,
21-09010047,Perlis,Kangar,KLINIK KESIHATAN KAKI BUKIT,24,6,50,17,7,0.708333333,,,,
21-09010093,Perlis,Kangar,KLINIK KESIHATAN PAUH,24,4,50,8,16,0.333333333,,,,
21-03070468,Kelantan,Pasir Mas,KLINIK KESIHATAN KASAR,24,4,24,7,17,0.291666667,,,,
21-03040477,Kelantan,Pasir Mas,KLINIK KESIHATAN SUNGAI KELADI,24,8,#N/A,3,21,0.125,,,,
21-02100154,Kedah,Sik,KLINIK KESIHATAN KAMPUNG BETONG,24,49,30,1,23,0.041666667,,,,
21-05040044,Negeri Sembilan,Port Dickson,KLINIK KESIHATAN PORT DICKSON,24,1,110,1,23,0.041666667,,,,
21-02020074,Kedah,Bandar Baharu,KLINIK KESIHATAN SERDANG,24,6,0,0,24,0,,,,
21-10010109,Selangor,Gombak,KLINIK KESIHATAN BATU 8 GOMBAK,23,8,100,21,2,0.913043478,,,,
21-09010004,Perlis,Kangar,KLINIK KESIHATAN BESERI,23,4,50,6,17,0.260869565,,,,
21-09010009,Perlis,Kangar,KLINIK KESIHATAN SIMPANG EMPAT,23,22,50,3,20,0.130434783,,,,
21-03070076,Kelantan,Pasir Mas,KLINIK KESIHATAN TO'UBAN,23,4,#N/A,0,23,0,,,,
21-07030139,Pulau Pinang,Seberang Perai Tengah,Klinik Kesihatan Machang Bubuk,22,4,80,22,0,1,,,,
21-03040059,Kelantan,Kota Bharu,KLINIK KESIHATAN KUBANG KERIAN,22,11,72,21,1,0.954545455,,,,
21-08080064,Perak,Manjung,KLINIK KESIHATAN LEKIR,22,3,90,17,5,0.772727273,,,,
21-09010005,Perlis,Kangar,KLINIK KESIHATAN KAMPUNG GIAL,22,4,50,5,17,0.227272727,,,,
21-02070301,Kedah,Langkawi,KLINIK KESIHATAN TEMONYONG,22,11,32,2,20,0.090909091,,,,
21-10010068,Selangor,Gombak,KLINIK KESIHATAN SUNGAI BULOH,21,7,450,21,0,1,,,,
21-03010039,Kelantan,Bachok,KLINIK KESIHATAN BERIS,21,5,56,18,3,0.857142857,,,,
21-03080084,Kelantan,Pasir Puteh,KLINIK KESIHATAN BANGGOL PA' ESAH,21,3,40,1,20,0.047619048,,,,
21-08040058,Perak,Kerian,Klinik Kesihatan Kuala Gula,21,3,25,0,21,0,,,,
21-04010022,Melaka,Alor Gajah,KLINIK KESIHATAN LUBOK CHINA,21,3,48,0,21,0,,,,
21-05070024,Negeri Sembilan,Tampin,KLINIK KESIHATAN GEMENCHEH,20,4,60,20,0,1,,,,
21-06050392,Pahang,Kuantan,KLINIK KESIHATAN INDERA MAHKOTA,20,4,298,20,0,1,,,,
21-05060036,Negeri Sembilan,Seremban,KLINIK KESIHATAN NILAI,20,4,190,20,0,1,,,,
21-10092302,Selangor,Hulu Selangor,KLINIK KESIHATAN SUNGAI BUAYA,20,4,24,20,0,1,,,,
21-05020038,Negeri Sembilan,Jempol,"KLINIK KESIHATAN PALONG 4,5,6",20,2,40,20,0,1,,,,
21-10030054,Selangor,Hulu Selangor,KLINIK KESIHATAN RASA,20,2,96,20,0,1,,,,
21-01100104,Johor,Tangkak,KLINIK KESIHATAN SUNGAI MATI,20,2,0,20,0,1,,,,
21-05020050,Negeri Sembilan,Jempol,KLINIK KESIHATAN SERTING HILIR,20,4,60,17,3,0.85,,,,
21-08110379,Perak,Kampar,Klinik Kesihatan Kota Bharu,20,8,20,15,5,0.75,,,,
21-13220379,Sarawak,Samarahan,KLINIK KESIHATAN SAMARINDAH,20,4,40,15,5,0.75,,,,
21-04020078,Melaka,Jasin,KLINIK KESIHATAN NYALAS,20,4,20,14,6,0.7,,,,
21-09010008,Perlis,Kangar,KLINIK KESIHATAN PADANG BESAR,20,4,50,13,7,0.65,,,,
21-13080078,Sarawak,Julau,KLINIK KESIHATAN JULAU,20,7,0,9,11,0.45,,,,
21-01060103,Johor,Muar,KLINIK KESIHATAN SRI MENANTI,20,4,#N/A,8,12,0.4,,,,
21-04020028,Melaka,Jasin,KLINIK KESIHATAN SELANDAR,20,20,50,1,19,0.05,,,,
21-02080068,Kedah,Padang Terap,KLINIK KESIHATAN NAKA,19,4,0,2,17,0.105263158,,,,
21-03050065,Kelantan,Kuala Krai,KLINIK KESIHATAN PAHI,19,2,48,1,18,0.052631579,,,,
21-13030206,Sarawak,Belaga,KLINIK KESIHATAN SUNGAI ASAP,19,2,20,0,19,0,,,,
21-01010079,Johor,Batu Pahat,KLINIK KESIHATAN PARIT SULONG,18,2,0,17,1,0.944444444,,,,
21-01070091,Johor,Pontian,KLINIK KESIHATAN PONTIAN,18,7,452,15,3,0.833333333,,,,
21-12010082,Sabah,Beaufort,KLINIK KESIHATAN MEMBAKUT,18,3,0,9,9,0.5,,,,
21-04010114,Melaka,Alor Gajah,KLINIK KESIHATAN TEBONG,18,9,16,3,15,0.166666667,,,,
21-04010029,Melaka,Alor Gajah,KLINIK KESIHATAN SIMPANG AMPAT,18,8,16,1,17,0.055555556,,,,
21-13140118,Sarawak,Lubok Antu,KLINIK KESIHATAN LUBOK ANTU,18,17,20,0,18,0,,,,
21-03060037,Kelantan,Machang,KLINIK KESIHATAN BATU 30,17,2,40,0,17,0,,,,
21-08040057,Perak,Kerian,KLINIK KESIHATAN KEDAI EMPAT,16,16,50,16,0,1,,,,
21-10020247,Selangor,Hulu Langat,KLINIK KESIHATAN BANDAR SERI PUTRA,16,4,231,16,0,1,,,,
21-08020083,Perak,Bagan Datuk,KLINIK KESIHATAN SELEKOH,16,8,16,5,11,0.3125,,,,
21-03080280,Kelantan,Pasir Puteh,KLINIK KESIHATAN PASIR PUTEH,16,4,80,4,12,0.25,,,,
21-12180347,Sabah,Semporna,KLINIK KESIHATAN SEMPORNA,16,8,0,3,13,0.1875,,,,
21-02010071,Kedah,Baling,KLINIK KESIHATAN PARIT PANJANG,16,8,35,0,16,0,,,,
21-03050158,Kelantan,Kuala Krai,KLINIK KESIHATAN KEROH (KUALA KRAI),16,6,#N/A,0,16,0,,,,
21-01060072,Johor,Muar,KLINIK KESIHATAN PAGOH,16,4,#N/A,0,16,0,,,,
21-12060226,Sabah,Kota Kinabalu,KLINIK KESIHATAN LIKAS,15,5,0,15,0,1,,,,
21-01080047,Johor,Segamat,KLINIK KESIHATAN BULOH KASAP,15,3,#N/A,15,0,1,,,,
21-05060206,Negeri Sembilan,Seremban,KLINIK KESIHATAN SIKAMAT,15,3,140,15,0,1,,,,
21-01020428,Johor,Johor Bahru,KLINIK KESIHATAN TAMAN UNIVERSITI,15,1,270,15,0,1,,,,
21-09010091,Perlis,Kangar,KLINIK KESIHATAN UTC PERLIS,15,4,50,11,4,0.733333333,,,,
21-09010049,Perlis,Kangar,KLINIK KESIHATAN JEJAWI,15,5,25,3,12,0.2,,,,
91-04020003,Melaka,Jasin,PEJABAT KESIHATAN DAERAH JASIN,15,3,0,1,14,0.066666667,,,,
21-05060048,Negeri Sembilan,Seremban,KLINIK KESIHATAN SENDAYAN (FELDA),15,8,#N/A,0,15,0,,,,
21-12040154,Sabah,Kinabatangan,KLINIK KESIHATAN BATU PUTIH,15,5,0,0,15,0,,,,
21-02070251,Kedah,Langkawi,KLINIK KESIHATAN PULAU TUBA,15,5,24,0,15,0,,,,
21-09010006,Perlis,Kangar,KLINIK KESIHATAN KANGAR,15,3,50,0,15,0,,,,
21-08080072,Perak,Manjung,KLINIK KESIHATAN PULAU PANGKOR,15,1,30,0,15,0,,,,
21-11060023,Terengganu,Marang,KLINIK KESIHATAN BUKIT PAYONG,14,7,#N/A,13,1,0.928571429,,,,
21-02080321,Kedah,Padang Terap,KLINIK KESIHATAN KUALA NERANG,14,4,140,6,8,0.428571429,,,,
21-03050172,Kelantan,Kuala Krai,KLINIK KESIHATAN PERIA,13,4,#N/A,0,13,0,,,,
21-03070129,Kelantan,Pasir Mas,KLINIK KESIHATAN GUAL PERIOK,13,3,32,0,13,0,,,,
21-01010093,Johor,Batu Pahat,KLINIK KESIHATAN RENGIT,12,1,0,12,0,1,,,,
21-01060068,Johor,Muar,KLINIK KESIHATAN LENGA,12,3,0,11,1,0.916666667,,,,
21-05010055,Negeri Sembilan,Jelebu,KLINIK KESIHATAN TITI,12,2,80,10,2,0.833333333,,,,
21-01010080,Johor,Batu Pahat,KLINIK KESIHATAN PARIT YAANI,12,5,#N/A,9,3,0.75,,,,
21-03010316,Kelantan,Bachok,KLINIK KESIHATAN BERIS PANCHOR,12,4,56,9,3,0.75,,,,
21-03060279,Kelantan,Machang,KLINIK KESIHATAN MACHANG,12,1,#N/A,8,4,0.666666667,,,,
21-02070222,Kedah,Langkawi,KLINIK KESIHATAN NYIOR CHABANG,12,6,12,2,10,0.166666667,,,,
21-13260045,Sarawak,Serian,KLINIK KESIHATAN BALAI RINGIN,12,12,20,1,11,0.083333333,,,,
21-13010178,Sarawak,Asajaya,Klinik Kesihatan Sadong Jaya,12,4,12,1,11,0.083333333,,,,
21-02100135,Kedah,Sik,KLINIK KESIHATAN TELOI TIMUR,12,4,25,0,12,0,,,,
21-02010065,Kedah,Baling,KLINIK KESIHATAN MALAU,12,3,35,0,12,0,,,,
21-08030063,Perak,Hulu Perak,KLINIK KESIHATAN LAWIN,12,1,60,0,12,0,,,,
21-08080037,Perak,Manjung,KLINIK KESIHATAN BRUAS,11,4,30,10,1,0.909090909,,,,
21-08090104,Perak,Perak Tengah,KLINIK KESIHATAN AIR KUNING,10,3,20,3,7,0.3,,,,
21-05060035,Negeri Sembilan,Seremban,KLINIK KESIHATAN MANTIN,10,1,140,3,7,0.3,,,,
21-02090079,Kedah,Pendang,KLINIK KESIHATAN SUNGAI TIANG,10,20,40,2,8,0.2,,,,
21-13110388,Sarawak,Kuching,KLINIK KESIHATAN BRAANG BAYUR,10,10,#N/A,0,10,0,,,,
21-05060045,Negeri Sembilan,Seremban,KLINIK KESIHATAN KUARTERS KLIA,10,2,60,0,10,0,,,,
21-10030065,Selangor,Hulu Selangor,KLINIK KESIHATAN SOEHARTO,10,2,46,0,10,0,,,,
21-13310214,Sarawak,Tatau,KLINIK KESIHATAN TATAU,10,1,32,0,10,0,,,,
21-01060074,Johor,Muar,KLINIK KESIHATAN PARIT BAKAR,9,3,0,9,0,1,,,,
21-02110242,Kedah,Yan,KLINIK KESIHATAN PERMATANG BULUH,9,3,21,9,0,1,,,,
21-13300200,Sarawak,Sri Aman,KLINIK KESIHATAN SRI AMAN,9,3,39,9,0,1,,,,
21-13150650,Sarawak,Lundu,KLINIK KESIHATAN STUNGKOR,9,3,20,9,0,1,,,,
21-02110078,Kedah,Yan,KLINIK KESIHATAN SUNGAI LIMAU DALAM,9,3,40,8,1,0.888888889,,,,
21-10030205,Selangor,Hulu Selangor,Klinik Kesihatan Ibu Dan Anak Kuala Kubu Baru,9,2,0,7,2,0.777777778,,,,
21-13260215,Sarawak,Serian,KLINIK KESIHATAN TEBAKANG,9,4,24,6,3,0.666666667,,,,
21-02100322,Kedah,Sik,KLINIK KESIHATAN IBU DAN ANAK SIK,9,2,0,5,4,0.555555556,,,,
21-02100322,Kedah,Sik,KLINIK KESIHATAN SIK,9,1,0,5,4,0.555555556,,,,
21-10020219,Selangor,Hulu Langat,KLINIK KESIHATAN BATU 9,8,1,346,8,0,1,,,,
21-07010019,Pulau Pinang,Barat Daya,KLINIK KESIHATAN BAYAN BARU,8,1,190,8,0,1,,,,
21-13020196,Sarawak,Bau,KLINIK KESIHATAN SINGAI,8,2,24,7,1,0.875,,,,
21-04010015,Melaka,Alor Gajah,KLINIK KESIHATAN HUTAN PERCHA,8,3,8,6,2,0.75,,,,
21-02020358,Kedah,Bandar Baharu,Klinik Komuniti Selama,8,3,1,6,2,0.75,,,,
21-13130049,Sarawak,Limbang,KLINIK KESIHATAN BATU DANAU,8,2,60,5,3,0.625,,,,
21-08040096,Perak,Kerian,KLINIK KESIHATAN TELUK MEDAN,8,3,50,1,7,0.125,,,,
21-02100044,Kedah,Sik,KLINIK KESIHATAN GULAU,8,27,25,0,8,0,,,,
21-03010467,Kelantan,Bachok,KLINIK KESIHATAN JELAWAT,8,3,100,0,8,0,,,,
21-01100094,Johor,Tangkak,Klinik Kesihatan Sagil,7,6,#N/A,7,0,1,,,,
21-04010084,Melaka,Alor Gajah,KLINIK KESIHATAN PENGKALAN BALAK,6,213,12,6,0,1,,,,
21-13020257,Sarawak,Bau,KLINIK KESIHATAN SINIAWAN,6,4,16,6,0,1,,,,
21-04010065,Melaka,Alor Gajah,KLINIK KESIHATAN GADEK,6,2,20,3,3,0.5,,,,
21-03040033,Kelantan,Kota Bharu,KLINIK KESIHATAN BANDAR KOTA BHARU,5,1,160,5,0,1,,,,
21-05020028,Negeri Sembilan,Jempol,KLINIK KESIHATAN BANDAR SERI JEMPOL,5,1,40,5,0,1,,,,
21-13050380,Sarawak,Bintulu,KLINIK KESIHATAN JEPAK,5,1,36,5,0,1,,,,
21-13210166,Sarawak,Pakan,KLINIK KESIHATAN PAKAN,4,7,0,4,0,1,,,,
21-10092303,Selangor,Hulu Selangor,KLINIK KESIHATAN HULU BERNAM,4,4,40,4,0,1,,,,
21-04010026,Melaka,Alor Gajah,KLINIK KESIHATAN PADANG SEBANG,4,2,36,4,0,1,,,,
21-10040052,Selangor,Klang,Klinik Kesihatan Pulau Indah,4,4,100,0,4,0,,,,
21-13150191,Sarawak,Kuching,KLINIK KESIHATAN SEMATAN,3,6,20,3,0,1,,,,
21-13260195,Sarawak,Serian,KLINIK KESIHATAN SIBURAN,3,3,44,3,0,1,,,25143,
21-13390216,Sarawak,Serian,KLINIK KESIHATAN TEBEDU,1,1,10,0,1,0,,,84778,0.296574583
21-03070071,Kelantan,Pasir Mas,KLINIK KESIHATAN RANTAU PANJANG,1,160,64,0,0,0,,,,
21-03070035,Kelantan,Pasir Mas,KLINIK KESIHATAN BANDAR PASIR MAS,1,2,116,0,0,0,,,,
21-04020019,Melaka,Jasin,KLINIK KESIHATAN KEMENDOR,1,2,30,0,0,0,,,,
