Cleaned Negeri,Cleaned Daerah,Corrected Klinik Kesihatan,Klinik Kesihatan,Bilangan Vaksin Di KK,Facilty Code,Index,Combined,,,
Perlis,Kangar,Klinik Kesihatan Kangar,Klinik Kesihatan Kangar,50,21-09010006,1,Perlis-Kangar-Klinik Kesihatan Kangar,,#N/A,43
Perlis,Kangar,Klinik Kesihatan Kuala Perlis,Klinik Kesihatan Kuala Perlis,50,21-09010007,2,Perlis-Kangar-Klinik Kesihatan Kuala Perlis,,Not #N/A,353
Perlis,Kangar,Klinik Kesihatan Beseri,Klinik Kesihatan Beseri,50,21-09010004,3,Perlis-Kangar-Klinik Kesihatan Beseri,,,g
Perlis,Kangar,Klinik Kesihatan Kampung Gial,Klinik Kesihatan Gial,50,21-09010005,4,Perlis-Kangar-Klinik Kesihatan Kampung Gial,,,
Perlis,Kangar,Klinik Kesihatan Kuala Sanglang,Klinik Kesihatan Kuala Sanglang,50,21-09010046,5,Perlis-Kangar-Klinik Kesihatan Kuala Sanglang,,,
Perlis,Kangar,Klinik Kesihatan Simpang Empat,Klinik Kesihatan Simpang Empat,50,21-09010009,6,Perlis-Kangar-Klinik Kesihatan Simpang Empat,,,
Perlis,Kangar,Klinik Kesihatan Padang Besar,Klinik Kesihatan Padang Besar,50,21-09010008,7,Perlis-Kangar-Klinik Kesihatan Padang Besar,,,
Perlis,Kangar,Klinik Kesihatan Kaki Bukit,Klinik Kesihatan Kaki Bukit,50,21-09010047,8,Perlis-Kangar-Klinik Kesihatan Kaki Bukit,,,
Perlis,Kangar,Klinik Kesihatan Arau,Klinik Kesihatan Arau,50,21-09010045,9,Perlis-Kangar-Klinik Kesihatan Arau,,,
Perlis,Kangar,Klinik Kesihatan Pauh,Klinik Kesihatan Pauh,50,21-09010093,10,Perlis-Kangar-Klinik Kesihatan Pauh,,,
Perlis,Kangar,Klinik Kesihatan UTC,Klinik Kesihatan UTC,50,#N/A,11,Perlis-Kangar-Klinik Kesihatan UTC,,,
Perlis,Kangar,Klinik Kesihatan Jejawi,Klinik Kesihatan Jejawi,25,21-09010049,12,Perlis-Kangar-Klinik Kesihatan Jejawi,,,
Perlis,Kangar,Klinik Kesihatan Felda Chuping,Klinik Kesihatan Felda Chuping,25,21-09010018,13,Perlis-Kangar-Klinik Kesihatan Felda Chuping,,,
Kedah,Baling,Klinik Kesihatan Kupang ,Klinik Kesihatan Kupang ,70,#N/A,14,Kedah-Baling-Klinik Kesihatan Kupang ,,,
Kedah,Baling,Klinik Kesihatan Kuala Ketil,Klinik Kesihatan Kuala Ketil,70,21-02010055,15,Kedah-Baling-Klinik Kesihatan Kuala Ketil,,,
Kedah,Baling,Klinik Kesihatan Kampung Lalang,Klinik Kesihatan Kampung Lalang,55,21-02010047,16,Kedah-Baling-Klinik Kesihatan Kampung Lalang,,,
Kedah,Baling,Klinik Kesihatan Parit Panjang,Klinik Kesihatan Parit Panjang,35,21-02010071,17,Kedah-Baling-Klinik Kesihatan Parit Panjang,,,
Kedah,Baling,Klinik Kesihatan Tawar ,Klinik Kesihatan Tawar ,35,#N/A,18,Kedah-Baling-Klinik Kesihatan Tawar ,,,
Kedah,Baling,Klinik Kesihatan Malau,Klinik Kesihatan Malau,35,21-02010065,19,Kedah-Baling-Klinik Kesihatan Malau,,,
Kedah,Kota Setar,Klinik Kesihatan Bandar Alor Setar,Klinik Kesihatan Bandar Alor Setar,152,21-02030032,20,Kedah-Kota Setar-Klinik Kesihatan Bandar Alor Setar,,,
Kedah,Kota Setar,Klinik Kesihatan Simpang Kuala,Klinik Kesihatan Simpang Kuala,148,21-02030076,21,Kedah-Kota Setar-Klinik Kesihatan Simpang Kuala,,,
Kedah,Kota Setar,Klinik Kesihatan Langgar,Klinik Kesihatan Langgar,128,21-02030060,22,Kedah-Kota Setar-Klinik Kesihatan Langgar,,,
Kedah,Kota Setar,Klinik Kesihatan Kuala Kedah,Klinik Kesihatan Kuala Kedah,112,21-02030054,23,Kedah-Kota Setar-Klinik Kesihatan Kuala Kedah,,,
Kedah,Kota Setar,Klinik Kesihatan Jalan Putra,Klinik Kesihatan Jalan Putra,108,21-02030045,24,Kedah-Kota Setar-Klinik Kesihatan Jalan Putra,,,
Kedah,Kota Setar,Klinik Kesihatan Pokok Sena,Klinik Kesihatan Pokok Sena,116,21-02120073,25,Kedah-Kota Setar-Klinik Kesihatan Pokok Sena,,,
Kedah,Kota Setar,Klinik Kesihatan Alor Janggus,Klinik Kesihatan Alor Janggus,88,21-02030028,26,Kedah-Kota Setar-Klinik Kesihatan Alor Janggus,,,
Kedah,Kota Setar,Klinik Kesihatan Simpang Empat,Klinik Kesihatan Simpang Empat,120,21-02030075,27,Kedah-Kota Setar-Klinik Kesihatan Simpang Empat,,,
Kedah,Kota Setar,Klinik Kesihatan Dato' Kumbar,Klinik Kesihatan Dato' Kumbar,108,21-02030345,28,Kedah-Kota Setar-Klinik Kesihatan Dato' Kumbar,,,
Kedah,Kuala Muda,Klinik Kesihatan Bandar Sungai Petani,Klinik Kesihatan Bandar Sungai Petani,340,#N/A,29,Kedah-Kuala Muda-Klinik Kesihatan Bandar Sungai Petani,,,
Kedah,Kuala Muda,Klinik Kesihatan Taman Intan,Klinik Kesihatan Taman Intan,260,#N/A,30,Kedah-Kuala Muda-Klinik Kesihatan Taman Intan,,,
Kedah,Kuala Muda,Klinik Kesihatan Merbok,Klinik Kesihatan Merbok,140,21-02040067,31,Kedah-Kuala Muda-Klinik Kesihatan Merbok,,,
Kedah,Kuala Muda,Klinik Kesihatan Bedong,Klinik Kesihatan Bedong,140,21-02040040,32,Kedah-Kuala Muda-Klinik Kesihatan Bedong,,,
Kedah,Kuala Muda,Klinik Kesihatan Sg Lalang,Klinik Kesihatan Sg Lalang,160,#N/A,33,Kedah-Kuala Muda-Klinik Kesihatan Sg Lalang,,,
Kedah,Kuala Muda,Klinik Kesihatan Kota Kuala Muda,Klinik Kesihatan Kota Kuala Muda,100,21-02040051,34,Kedah-Kuala Muda-Klinik Kesihatan Kota Kuala Muda,,,
Kedah,Kuala Muda,Klinik Kesihatan Sg Pasir,Klinik Kesihatan Sg Pasir,80,#N/A,35,Kedah-Kuala Muda-Klinik Kesihatan Sg Pasir,,,
Kedah,Kuala Muda,Klinik Kesihatan Bukit Selambau,Klinik Kesihatan Bukit Selambau,100,21-02040041,36,Kedah-Kuala Muda-Klinik Kesihatan Bukit Selambau,,,
Kedah,Kubang Pasu,Klinik Kesihatan Ayer Hitam,Klinik Kesihatan Ayer Hitam,70,21-02050029,37,Kedah-Kubang Pasu-Klinik Kesihatan Ayer Hitam,,,
Kedah,Kubang Pasu,Klinik Kesihatan Tunjang,Klinik Kesihatan Tunjang,70,21-02050083,38,Kedah-Kubang Pasu-Klinik Kesihatan Tunjang,,,
Kedah,Kubang Pasu,Klinik Kesihatan Changlun,Klinik Kesihatan Changlun,70,#N/A,39,Kedah-Kubang Pasu-Klinik Kesihatan Changlun,,,
Kedah,Kubang Pasu,Klinik Kesihatan Kodiang,Klinik Kesihatan Kodiang,70,21-02050050,40,Kedah-Kubang Pasu-Klinik Kesihatan Kodiang,,,
Kedah,Kubang Pasu,Klinik Kesihatan Kepala Batas,Klinik Kesihatan Kepala Batas,70,21-02050049,41,Kedah-Kubang Pasu-Klinik Kesihatan Kepala Batas,,,
Kedah,Kubang Pasu,Klinik Kesihatan Banai,Klinik Kesihatan Banai,60,21-02050031,42,Kedah-Kubang Pasu-Klinik Kesihatan Banai,,,
Kedah,Kubang Pasu,Klinik Kesihatan Laka Temin,Klinik Kesihatan Laka Temin,60,21-02050059,43,Kedah-Kubang Pasu-Klinik Kesihatan Laka Temin,,,
Kedah,Kubang Pasu,Klinik Kesihatan Napoh,Klinik Kesihatan Napoh,60,21-02050491,44,Kedah-Kubang Pasu-Klinik Kesihatan Napoh,,,
Kedah,Kubang Pasu,Klinik Kesihatan Jitra,Klinik Kesihatan Jitra,70,#N/A,45,Kedah-Kubang Pasu-Klinik Kesihatan Jitra,,,
Kedah,Kulim,Klinik Kesihatan Kulim,Klinik Kesihatan Kulim,180,21-02060057,46,Kedah-Kulim-Klinik Kesihatan Kulim,,,
Kedah,Kulim,Klinik Kesihatan Taman Selasih,Klinik Kesihatan Taman Selasih,140,21-02060081,47,Kedah-Kulim-Klinik Kesihatan Taman Selasih,,,
Kedah,Kulim,Klinik Kesihatan Lunas,Klinik Kesihatan Lunas,140,21-02060063,48,Kedah-Kulim-Klinik Kesihatan Lunas,,,
Kedah,Kulim,Klinik Kesihatan Padang Serai,Klinik Kesihatan Padang Serai,180,21-02060070,49,Kedah-Kulim-Klinik Kesihatan Padang Serai,,,
Kedah,Kulim,Klinik Kesihatan Karangan,Klinik Kesihatan Karangan,140,21-02060048,50,Kedah-Kulim-Klinik Kesihatan Karangan,,,
Kedah,Langkawi,Klinik Kesihatan Kuah,Klinik Kesihatan Kuah,60,21-02070053,51,Kedah-Langkawi-Klinik Kesihatan Kuah,,,
Kedah,Langkawi,Klinik Kesihatan Padang Matsirat,Klinik Kesihatan Padang Matsirat,48,21-02070069,52,Kedah-Langkawi-Klinik Kesihatan Padang Matsirat,,,
Kedah,Langkawi,Klinik Kesihatan Ayer Hangat,Klinik Kesihatan Ayer Hangat,40,#N/A,53,Kedah-Langkawi-Klinik Kesihatan Ayer Hangat,,,
Kedah,Langkawi,Klinik Kesihatan Temonyong,Klinik Kesihatan Temonyong,32,21-02070301,54,Kedah-Langkawi-Klinik Kesihatan Temonyong,,,
Kedah,Langkawi,Klinik Kesihatan Pulau Tuba,Klinik Kesihatan Pulau Tuba,24,#N/A,55,Kedah-Langkawi-Klinik Kesihatan Pulau Tuba,,,
Kedah,Langkawi,Klinik Kesihatan Nyior Chabang,Klinik Kesihatan Nyior Chabang,12,21-02070222,56,Kedah-Langkawi-Klinik Kesihatan Nyior Chabang,,,
Kedah,Padang Terap,Klinik Kesihatan Naka,Klinik Kesihatan Naka,30,21-02080068,57,Kedah-Padang Terap-Klinik Kesihatan Naka,,,
Kedah,Padang Terap,Klinik Kesihatan Lubuk Merbau,Klinik Kesihatan Lubuk Merbau,30,21-02080062,58,Kedah-Padang Terap-Klinik Kesihatan Lubuk Merbau,,,
Kedah,Padang Terap,Klinik Kesihatan Pedu,Klinik Kesihatan Pedu,30,21-02080239,59,Kedah-Padang Terap-Klinik Kesihatan Pedu,,,
Kedah,Padang Terap,Klinik Kesihatan Kuala Nerang,Klinik Kesihatan Kuala Nerang,50,#N/A,60,Kedah-Padang Terap-Klinik Kesihatan Kuala Nerang,,,
Kedah,Pendang,Klinik Kesihatan Pendang,Klinik Kesihatan Pendang,115,21-02090072,61,Kedah-Pendang-Klinik Kesihatan Pendang,,,
Kedah,Pendang,Klinik Kesihatan Kubur Panjang,Klinik Kesihatan Kubur Panjang,55,21-02090056,62,Kedah-Pendang-Klinik Kesihatan Kubur Panjang,,,
Kedah,Pendang,Klinik Kesihatan Sungai Tiang,Klinik Kesihatan Sungai Tiang,40,21-02090079,63,Kedah-Pendang-Klinik Kesihatan Sungai Tiang,,,
Kedah,Sik,Klinik Kesihatan Jeniang,Klinik Kesihatan Jeniang,35,21-02100046,64,Kedah-Sik-Klinik Kesihatan Jeniang,,,
Kedah,Sik,Klinik Kesihatan Kg Betong,Klinik Kesihatan Kg Betong,30,#N/A,65,Kedah-Sik-Klinik Kesihatan Kg Betong,,,
Kedah,Sik,Klinik Kesihatan Gulau,Klinik Kesihatan Gulau,25,21-02100044,66,Kedah-Sik-Klinik Kesihatan Gulau,,,
Kedah,Sik,Klinik Kesihatan Teloi Timur,Klinik Kesihatan Teloi Timur,25,21-02100135,67,Kedah-Sik-Klinik Kesihatan Teloi Timur,,,
Kedah,Sik,Klinik Kesihatan Sik,Klinik Kesihatan Sik,25,#N/A,68,Kedah-Sik-Klinik Kesihatan Sik,,,
Kedah,Yan,Klinik Kesihatan Guar Chempedak,Klinik Kesihatan Guar Chempedak,99,21-02110043,69,Kedah-Yan-Klinik Kesihatan Guar Chempedak,,,
Kedah,Yan,Klinik Kesihatan Sungai Limau Dalam,Klinik Kesihatan Sungai Limau Dalam,40,21-02110078,70,Kedah-Yan-Klinik Kesihatan Sungai Limau Dalam,,,
Kedah,Yan,Klinik Kesihatan Yan,Klinik Kesihatan Yan,50,#N/A,71,Kedah-Yan-Klinik Kesihatan Yan,,,
Kedah,Yan,Klinik Kesihatan Permatang Buluh,Klinik Kesihatan Permatang Buluh,21,21-02110242,72,Kedah-Yan-Klinik Kesihatan Permatang Buluh,,,
Perak,Bagan Datuk,Klinik Kesihatan Bagan Datoh,Klinik Kesihatan Bagan Datoh,34,21-08020031,73,Perak-Bagan Datuk-Klinik Kesihatan Bagan Datoh,,,
Perak,Bagan Datuk,Klinik Kesihatan Hutan Melintang,Klinik Kesihatan Hutan Melintang,104,21-08020049,74,Perak-Bagan Datuk-Klinik Kesihatan Hutan Melintang,,,
Perak,Bagan Datuk,Klinik Kesihatan Selekoh,Klinik Kesihatan Selekoh,16,21-08020083,75,Perak-Bagan Datuk-Klinik Kesihatan Selekoh,,,
Perak,Bagan Datuk,Klinik Kesihatan Sungai Sumun,Klinik Kesihatan Sungai Sumun,30,21-08020090,76,Perak-Bagan Datuk-Klinik Kesihatan Sungai Sumun,,,
Perak,Bagan Datuk,Klinik Kesihatan Sungai Tiang,Klinik Kesihatan Sungai Tiang,8,21-08020214,77,Perak-Bagan Datuk-Klinik Kesihatan Sungai Tiang,,,
Perak,Batang Padang,Klinik Kesihatan Bidor,Klinik Kesihatan Bidor,235,21-08010034,78,Perak-Batang Padang-Klinik Kesihatan Bidor,,,
Perak,Batang Padang,Klinik Kesihatan Gunung Besout,Klinik Kesihatan Gunung Besout,60,21-08010046,79,Perak-Batang Padang-Klinik Kesihatan Gunung Besout,,,
Perak,Batang Padang,Klinik Kesihatan Sungkai,Klinik Kesihatan Sungkai,155,21-08010091,80,Perak-Batang Padang-Klinik Kesihatan Sungkai,,,
Perak,Batang Padang,Klinik Kesihatan Tapah,Klinik Kesihatan Tapah,250,21-08010095,81,Perak-Batang Padang-Klinik Kesihatan Tapah,,,
Perak,Batang Padang,Klinik Kesihatan Tapah Road,Klinik Kesihatan Tapah Road,75,21-08010328,82,Perak-Batang Padang-Klinik Kesihatan Tapah Road,,,
Perak,Batang Padang,Klinik Kesihatan Trolak,Klinik Kesihatan Trolak,70,#N/A,83,Perak-Batang Padang-Klinik Kesihatan Trolak,,,
Perak,Batang Padang,Klinik Kesihatan Temoh,Klinik Kesihatan Temoh,30,#N/A,84,Perak-Batang Padang-Klinik Kesihatan Temoh,,,
Perak,Batang Padang,Klinik Kesihatan Batu 17,Klinik Kesihatan Batu 17,25,21-08010395,85,Perak-Batang Padang-Klinik Kesihatan Batu 17,,,
Perak,Hilir Perak,Klinik Kesihatan Chenderong Balai,Klinik Kesihatan Chenderong Balai,160,21-08020042,86,Perak-Hilir Perak-Klinik Kesihatan Chenderong Balai,,,
Perak,Hilir Perak,Klinik Kesihatan Langkap,Klinik Kesihatan Langkap,220,21-08020062,87,Perak-Hilir Perak-Klinik Kesihatan Langkap,,,
Perak,Hilir Perak,Klinik Kesihatan Telok Intan,Klinik Kesihatan Telok Intan,720,21-08020360,88,Perak-Hilir Perak-Klinik Kesihatan Telok Intan,,,
Perak,Hulu Perak,Klinik Kesihatan Lawin,Klinik Kesihatan Lawin,60,21-08030063,89,Perak-Hulu Perak-Klinik Kesihatan Lawin,,,
Perak,Hulu Perak,Klinik Kesihatan Lenggong,Klinik Kesihatan Lenggong,120,21-08030065,90,Perak-Hulu Perak-Klinik Kesihatan Lenggong,,,
Perak,Hulu Perak,Klinik Kesihatan Pengkalan Hulu,Klinik Kesihatan Pengkalan Hulu,120,21-08030076,91,Perak-Hulu Perak-Klinik Kesihatan Pengkalan Hulu,,,
Perak,Hulu Perak,Klinik Kesihatan Plang,Klinik Kesihatan Plang,60,21-08030077,92,Perak-Hulu Perak-Klinik Kesihatan Plang,,,
Perak,Hulu Perak,Klinik Kesihatan Pos Kemar,Klinik Kesihatan Pos Kemar,20,21-08030388,93,Perak-Hulu Perak-Klinik Kesihatan Pos Kemar,,,
Perak,Hulu Perak,Klinik Kesihatan Felda Bersia,Klinik Kesihatan Felda Bersia,120,21-08030611,94,Perak-Hulu Perak-Klinik Kesihatan Felda Bersia,,,
Perak,Kampar,Klinik Kesihatan Gopeng,Klinik Kesihatan Gopeng,100,21-08110044,95,Perak-Kampar-Klinik Kesihatan Gopeng,,,
Perak,Kampar,Klinik Kesihatan Kampar,Klinik Kesihatan Kampar,150,21-08110052,96,Perak-Kampar-Klinik Kesihatan Kampar,,,
Perak,Kampar,Klinik Kesihatan Kota Bharu,Klinik Kesihatan Kota Bharu,20,21-08110379,97,Perak-Kampar-Klinik Kesihatan Kota Bharu,,,
Perak,Kampar,Klinik Kesihatan Malim Nawar,Klinik Kesihatan Malim Nawar,50,21-08110067,98,Perak-Kampar-Klinik Kesihatan Malim Nawar,,,
Perak,Kerian,Klinik Kesihatan Alor Pongsu,Klinik Kesihatan Alor Pongsu,50,21-08040029,99,Perak-Kerian-Klinik Kesihatan Alor Pongsu,,,
Perak,Kerian,Klinik Kesihatan Bagan Serai,Klinik Kesihatan Bagan Serai,100,21-08040032,100,Perak-Kerian-Klinik Kesihatan Bagan Serai,,,
Perak,Kerian,Klinik Kesihatan Gunung Semanggol,Klinik Kesihatan Gunung Semanggol,60,21-08040048,101,Perak-Kerian-Klinik Kesihatan Gunung Semanggol,,,
Perak,Kerian,Klinik Kesihatan Jalan Baru,Klinik Kesihatan Jalan Baru,50,21-08040050,102,Perak-Kerian-Klinik Kesihatan Jalan Baru,,,
Perak,Kerian,Klinik Kesihatan Kedai Empat,Klinik Kesihatan Kedai Empat,50,21-08040057,103,Perak-Kerian-Klinik Kesihatan Kedai Empat,,,
Perak,Kerian,Klinik Kesihatan Kuala Gula,Klinik Kesihatan Kuala Gula,25,21-08040058,104,Perak-Kerian-Klinik Kesihatan Kuala Gula,,,
Perak,Kerian,Klinik Kesihatan Kuala Kurau,Klinik Kesihatan Kuala Kurau,60,21-08040059,105,Perak-Kerian-Klinik Kesihatan Kuala Kurau,,,
Perak,Kerian,Klinik Kesihatan Selinsing,Klinik Kesihatan Selinsing,25,21-08040210,106,Perak-Kerian-Klinik Kesihatan Selinsing,,,
Perak,Kerian,Klinik Kesihatan Tanjung Piandang,Klinik Kesihatan Tanjung Piandang,50,21-08040097,107,Perak-Kerian-Klinik Kesihatan Tanjung Piandang,,,
Perak,Kerian,Klinik Kesihatan Teluk Medan,Klinik Kesihatan Teluk Medan,50,21-08040096,108,Perak-Kerian-Klinik Kesihatan Teluk Medan,,,
Perak,Kinta,Klinik Kesihatan Buntong,Klinik Kesihatan Buntong,190,21-08050383,109,Perak-Kinta-Klinik Kesihatan Buntong,,,
Perak,Kinta,Klinik Kesihatan Chemor,Klinik Kesihatan Chemor,400,21-08050041,110,Perak-Kinta-Klinik Kesihatan Chemor,,,
Perak,Kinta,Klinik Kesihatan Greentown,Klinik Kesihatan Greentown,220,21-08050045,111,Perak-Kinta-Klinik Kesihatan Greentown,,,
Perak,Kinta,Klinik Kesihatan Gunung Rapat,Klinik Kesihatan Gunung Rapat,480,21-08050047,112,Perak-Kinta-Klinik Kesihatan Gunung Rapat,,,
Perak,Kinta,Klinik Kesihatan Jelapang,Klinik Kesihatan Jelapang,330,21-08050051,113,Perak-Kinta-Klinik Kesihatan Jelapang,,,
Perak,Kinta,Klinik Kesihatan Kampung Simee,Klinik Kesihatan Kampung Simee,500,21-08050054,114,Perak-Kinta-Klinik Kesihatan Kampung Simee,,,
Perak,Kinta,Klinik Kesihatan Menglembu,Klinik Kesihatan Menglembu,50,21-08050070,115,Perak-Kinta-Klinik Kesihatan Menglembu,,,
Perak,Kinta,Klinik Kesihatan Pasir Pinji,Klinik Kesihatan Pasir Pinji,500,21-08050075,116,Perak-Kinta-Klinik Kesihatan Pasir Pinji,,,
Perak,Kinta,Klinik Kesihatan Tanjung Rambutan,Klinik Kesihatan Tanjung Rambutan,300,21-08050093,117,Perak-Kinta-Klinik Kesihatan Tanjung Rambutan,,,
Perak,Kinta,Klinik Kesihatan Tanjung Tualang,Klinik Kesihatan Tanjung Tualang,50,21-08050094,118,Perak-Kinta-Klinik Kesihatan Tanjung Tualang,,,
Perak,Kinta,Klinik Kesihatan Tronoh,Klinik Kesihatan Tronoh,480,21-08050099,119,Perak-Kinta-Klinik Kesihatan Tronoh,,,
Perak,Kuala Kangsar,Klinik Kesihatan Padang Rengas,Klinik Kesihatan Padang Rengas,400,21-08060071,120,Perak-Kuala Kangsar-Klinik Kesihatan Padang Rengas,,,
Perak,Kuala Kangsar,Klinik Kesihatan Kuala Kangsar,Klinik Kesihatan Kuala Kangsar,700,21-08060612,121,Perak-Kuala Kangsar-Klinik Kesihatan Kuala Kangsar,,,
Perak,Larut Matang dan Selama,Klinik Kesihatan Batu Kurau,Klinik Kesihatan Batu Kurau,155,21-08070033,122,Perak-Larut Matang dan Selama-Klinik Kesihatan Batu Kurau,,,
Perak,Larut Matang dan Selama,Klinik Kesihatan Changkat Jering,Klinik Kesihatan Changkat Jering,150,21-08070038,123,Perak-Larut Matang dan Selama-Klinik Kesihatan Changkat Jering,,,
Perak,Larut Matang dan Selama,Klinik Kesihatan Kamunting,Klinik Kesihatan Kamunting,240,21-08070055,124,Perak-Larut Matang dan Selama-Klinik Kesihatan Kamunting,,,
Perak,Larut Matang dan Selama,Klinik Kesihatan Kuala Sepetang,Klinik Kesihatan Kuala Sepetang,55,21-08070060,125,Perak-Larut Matang dan Selama-Klinik Kesihatan Kuala Sepetang,,,
Perak,Larut Matang dan Selama,Klinik Kesihatan Pokok Assam,Klinik Kesihatan Pokok Assam,150,21-08070078,126,Perak-Larut Matang dan Selama-Klinik Kesihatan Pokok Assam,,,
Perak,Larut Matang dan Selama,Klinik Kesihatan Redang Panjang,Klinik Kesihatan Redang Panjang,50,21-08070079,127,Perak-Larut Matang dan Selama-Klinik Kesihatan Redang Panjang,,,
Perak,Larut Matang dan Selama,Klinik Kesihatan Simpang,Klinik Kesihatan Simpang,340,21-08070417,128,Perak-Larut Matang dan Selama-Klinik Kesihatan Simpang,,,
Perak,Larut Matang dan Selama,Klinik Kesihatan Sungai Bayor,Klinik Kesihatan Sungai Bayor,62,21-08070087,129,Perak-Larut Matang dan Selama-Klinik Kesihatan Sungai Bayor,,,
Perak,Larut Matang dan Selama,Klinik Kesihatan Sungai Kerang,Klinik Kesihatan Sungai Kerang,50,21-08070088,130,Perak-Larut Matang dan Selama-Klinik Kesihatan Sungai Kerang,,,
Perak,Larut Matang dan Selama,Klinik Kesihatan Taiping,Klinik Kesihatan Taiping,350,21-08070384,131,Perak-Larut Matang dan Selama-Klinik Kesihatan Taiping,,,
Perak,Larut Matang dan Selama,Klinik Kesihatan Trong,Klinik Kesihatan Trong,150,21-08070098,132,Perak-Larut Matang dan Selama-Klinik Kesihatan Trong,,,
Perak,Manjung,Klinik Kesihatan Ayer Tawar,Klinik Kesihatan Ayer Tawar,60,21-08080030,133,Perak-Manjung-Klinik Kesihatan Ayer Tawar,,,
Perak,Manjung,Klinik Kesihatan Bruas,Klinik Kesihatan Bruas,30,21-08080037,134,Perak-Manjung-Klinik Kesihatan Bruas,,,
Perak,Manjung,Klinik Kesihatan Changkat Kruing,Klinik Kesihatan Changkat Kruing,15,21-08080039,135,Perak-Manjung-Klinik Kesihatan Changkat Kruing,,,
Perak,Manjung,Klinik Kesihatan Lekir,Klinik Kesihatan Lekir,90,21-08080064,136,Perak-Manjung-Klinik Kesihatan Lekir,,,
Perak,Manjung,Klinik Kesihatan Pantai Remis,Klinik Kesihatan Pantai Remis,50,21-08080073,137,Perak-Manjung-Klinik Kesihatan Pantai Remis,,,
Perak,Manjung,Klinik Kesihatan Pengkalan Baru,Klinik Kesihatan Pengkalan Baru,15,21-08080267,138,Perak-Manjung-Klinik Kesihatan Pengkalan Baru,,,
Perak,Manjung,Klinik Kesihatan Pulau Pangkor,Klinik Kesihatan Pulau Pangkor,30,21-08080072,139,Perak-Manjung-Klinik Kesihatan Pulau Pangkor,,,
Perak,Manjung,Klinik Kesihatan Sitiawan,Klinik Kesihatan Sitiawan,270,21-08080085,140,Perak-Manjung-Klinik Kesihatan Sitiawan,,,
Perak,Muallim,Klinik Kesihatan Slim River,Klinik Kesihatan Slim River,120,21-08100086,141,Perak-Muallim-Klinik Kesihatan Slim River,,,
Perak,Muallim,Klinik Kesihatan Tanjung Malim,Klinik Kesihatan Tanjung Malim,250,21-08100092,142,Perak-Muallim-Klinik Kesihatan Tanjung Malim,,,
Perak,Perak Tengah,Klinik Kesihatan Air Kuning,Klinik Kesihatan Air Kuning,20,21-08090104,143,Perak-Perak Tengah-Klinik Kesihatan Air Kuning,,,
Perak,Perak Tengah,Klinik Kesihatan Bota Kiri,Klinik Kesihatan Bota Kiri,60,21-08090036,144,Perak-Perak Tengah-Klinik Kesihatan Bota Kiri,,,
Perak,Perak Tengah,Klinik Kesihatan Changkat Lada,Klinik Kesihatan Changkat Lada,70,21-08090040,145,Perak-Perak Tengah-Klinik Kesihatan Changkat Lada,,,
Perak,Perak Tengah,Klinik Kesihatan Kampung Gajah,Klinik Kesihatan Kampung Gajah,70,21-08090053,146,Perak-Perak Tengah-Klinik Kesihatan Kampung Gajah,,,
Perak,Perak Tengah,Klinik Kesihatan Lambor Kiri,Klinik Kesihatan Lambor Kiri,20,21-08090061,147,Perak-Perak Tengah-Klinik Kesihatan Lambor Kiri,,,
Perak,Perak Tengah,Klinik Kesihatan Parit,Klinik Kesihatan Parit,50,21-08090074,148,Perak-Perak Tengah-Klinik Kesihatan Parit,,,
Perak,Perak Tengah,Klinik Kesihatan Ulu Dedap,Klinik Kesihatan Ulu Dedap,120,21-08090100,149,Perak-Perak Tengah-Klinik Kesihatan Ulu Dedap,,,
Perak,Perak Tengah,Klinik Kesihatan Seri Iskandar,Klinik Kesihatan Seri Iskandar,140,21-08090610,150,Perak-Perak Tengah-Klinik Kesihatan Seri Iskandar,,,
Pulau Pinang,Barat Daya,Klinik Kesihatan Bayan Baru,Klinik Kesihatan Bayan Baru,190,21-07010019,151,Pulau Pinang-Barat Daya-Klinik Kesihatan Bayan Baru,,,
Pulau Pinang,Barat Daya,Klinik Kesihatan Bayan Lepas,Klinik Kesihatan Bayan Lepas,190,21-07010020,152,Pulau Pinang-Barat Daya-Klinik Kesihatan Bayan Lepas,,,
Pulau Pinang,Barat Daya,Klinik Kesihatan Air Putih,Klinik Kesihatan Air Putih,100,#N/A,153,Pulau Pinang-Barat Daya-Klinik Kesihatan Air Putih,,,
Pulau Pinang,Seberang Perai Selatan,Klinik Kesihatan Bandar Tasek Mutiara,Klinik Kesihatan Bandar Tasek Mutiara,180,#N/A,154,Pulau Pinang-Seberang Perai Selatan-Klinik Kesihatan Bandar Tasek Mutiara,,,
Pulau Pinang,Seberang Perai Tengah,Klinik Kesihatan Seberang Jaya,Klinik Kesihatan Seberang Jaya,170,21-07030036,155,Pulau Pinang-Seberang Perai Tengah-Klinik Kesihatan Seberang Jaya,,,
Pulau Pinang,Seberang Perai Tengah,Klinik Kesihatan Berapit,Klinik Kesihatan Berapit,170,21-07030021,156,Pulau Pinang-Seberang Perai Tengah-Klinik Kesihatan Berapit,,,
Pulau Pinang,Seberang Perai Tengah,Klinik Kesihatan Bandar Perda,Klinik Kesihatan Bandar Perda,170,21-07030335,157,Pulau Pinang-Seberang Perai Tengah-Klinik Kesihatan Bandar Perda,,,
Pulau Pinang,Seberang Perai Tengah,Klinik Kesihatan Bukit Minyak,Klinik Kesihatan Bukit Minyak,170,21-07030024,158,Pulau Pinang-Seberang Perai Tengah-Klinik Kesihatan Bukit Minyak,,,
Pulau Pinang,Seberang Perai Tengah,Klinik Kesihatan Perai,Klinik Kesihatan Perai,80,21-07030035,159,Pulau Pinang-Seberang Perai Tengah-Klinik Kesihatan Perai,,,
Pulau Pinang,Seberang Perai Tengah,Klinik Kesihatan Machang Bubok,Klinik Kesihatan Machang Bubok,80,#N/A,160,Pulau Pinang-Seberang Perai Tengah-Klinik Kesihatan Machang Bubok,,,
Pulau Pinang,Seberang Perai Utara,Klinik Kesihatan Kepala Batas,Klinik Kesihatan Kepala Batas,160,21-07040029,161,Pulau Pinang-Seberang Perai Utara-Klinik Kesihatan Kepala Batas,,,
Pulau Pinang,Seberang Perai Utara,Klinik Kesihatan Sungai Dua (spu),"Klinik Kesihatan Sungai Dua, SPU.",160,21-07040039,162,Pulau Pinang-Seberang Perai Utara-Klinik Kesihatan Sungai Dua (spu),,,
Pulau Pinang,Seberang Perai Utara,Klinik Kesihatan Butterworth,Klinik Kesihatan Butterworth,140,21-07040026,163,Pulau Pinang-Seberang Perai Utara-Klinik Kesihatan Butterworth,,,
Pulau Pinang,Seberang Perai Utara,Klinik Kesihatan Tasek Gelugor,Klinik Kesihatan Tasek Gelugor,80,21-07040042,164,Pulau Pinang-Seberang Perai Utara-Klinik Kesihatan Tasek Gelugor,,,
Pulau Pinang,Seberang Perai Utara,Klinik Kesihatan Penaga,Klinik Kesihatan Penaga,80,21-07040034,165,Pulau Pinang-Seberang Perai Utara-Klinik Kesihatan Penaga,,,
Pulau Pinang,Seberang Perai Utara,Klinik Kesihatan Mak Mandin,Klinik Kesihatan Mak Mandin,100,21-07040032,166,Pulau Pinang-Seberang Perai Utara-Klinik Kesihatan Mak Mandin,,,
Pulau Pinang,Timur Laut,Klinik Kesihatan Jalan Angsana,Klinik Kesihatan Jalan Angsana (Bandar Baru Air Itam),320,21-07050125,167,Pulau Pinang-Timur Laut-Klinik Kesihatan Jalan Angsana,,,
Pulau Pinang,Timur Laut,Klinik Kesihatan Jalan Perak,Klinik Kesihatan Jalan Perak,320,21-07050028,168,Pulau Pinang-Timur Laut-Klinik Kesihatan Jalan Perak,,,
Pulau Pinang,Timur Laut,Klinik Kesihatan Sungai Dua,Klinik Kesihatan Sungai Dua,320,#N/A,169,Pulau Pinang-Timur Laut-Klinik Kesihatan Sungai Dua,,,
Pulau Pinang,Timur Laut,Klinik Kesihatan Bukit Jambul,Klinik Kesihatan Bukit Jambul,160,21-07050023,170,Pulau Pinang-Timur Laut-Klinik Kesihatan Bukit Jambul,,,
Pulau Pinang,Timur Laut,Klinik Kesihatan Jalan Macalister,Klinik Kesihatan Jalan Macalister,160,21-07050027,171,Pulau Pinang-Timur Laut-Klinik Kesihatan Jalan Macalister,,,
Pulau Pinang,Timur Laut,Klinik Kesihatan Air Itam,Klinik Kesihatan Air Itam,160,21-07050018,172,Pulau Pinang-Timur Laut-Klinik Kesihatan Air Itam,,,
Pulau Pinang,Timur Laut,Klinik Kesihatan Tanjung Bungah,Klinik Kesihatan Tanjung Bungah,160,21-07050041,173,Pulau Pinang-Timur Laut-Klinik Kesihatan Tanjung Bungah,,,
Selangor,Gombak,Klinik Kesihatan Gombak Setia,Klinik Kesihatan Gombak Setia,500,21-10010204,174,Selangor-Gombak-Klinik Kesihatan Gombak Setia,,,
Selangor,Gombak,Klinik Kesihatan Rawang,Klinik Kesihatan Rawang,500,21-10010055,175,Selangor-Gombak-Klinik Kesihatan Rawang,,,
Selangor,Gombak,Klinik Kesihatan Sungai Buloh,Klinik Kesihatan Sungai Buloh,450,21-10010068,176,Selangor-Gombak-Klinik Kesihatan Sungai Buloh,,,
Selangor,Gombak,Klinik Kesihatan Taman Ehsan,Klinik Kesihatan Taman Ehsan,400,21-10010071,177,Selangor-Gombak-Klinik Kesihatan Taman Ehsan,,,
Selangor,Gombak,Klinik Kesihatan Selayang Baru,Klinik Kesihatan Selayang Baru,550,21-10010059,178,Selangor-Gombak-Klinik Kesihatan Selayang Baru,,,
Selangor,Gombak,Klinik Kesihatan AU2,Klinik Kesihatan AU2,350,21-10010026,179,Selangor-Gombak-Klinik Kesihatan AU2,,,
Selangor,Gombak,Klinik Kesihatan Kuang,Klinik Kesihatan Kuang,300,21-10010046,180,Selangor-Gombak-Klinik Kesihatan Kuang,,,
Selangor,Gombak,Klinik Kesihatan Batu Arang,Klinik Kesihatan Batu Arang,250,21-10010030,181,Selangor-Gombak-Klinik Kesihatan Batu Arang,,,
Selangor,Gombak,Klinik Kesihatan Hulu Kelang,Klinik Kesihatan Hulu Kelang,100,21-10010110,182,Selangor-Gombak-Klinik Kesihatan Hulu Kelang,,,
Selangor,Gombak,Klinik Kesihatan Batu 8,Klinik Kesihatan Batu 8,100,#N/A,183,Selangor-Gombak-Klinik Kesihatan Batu 8,,,
Selangor,Hulu Langat,Klinik Kesihatan Ampang,Klinik Kesihatan Ampang,346,21-10020025,184,Selangor-Hulu Langat-Klinik Kesihatan Ampang,,,
Selangor,Hulu Langat,Klinik Kesihatan Bandar Baru Bangi,Klinik Kesihatan Bandar Baru Bangi,346,21-10020220,185,Selangor-Hulu Langat-Klinik Kesihatan Bandar Baru Bangi,,,
Selangor,Hulu Langat,Klinik Kesihatan Batu 9,Klinik Kesihatan Batu 9,346,21-10020219,186,Selangor-Hulu Langat-Klinik Kesihatan Batu 9,,,
Selangor,Hulu Langat,Klinik Kesihatan Beranang,Klinik Kesihatan Beranang,346,21-10020031,187,Selangor-Hulu Langat-Klinik Kesihatan Beranang,,,
Selangor,Hulu Langat,Klinik Kesihatan Kajang,Klinik Kesihatan Kajang,346,21-10020039,188,Selangor-Hulu Langat-Klinik Kesihatan Kajang,,,
Selangor,Hulu Langat,Klinik Kesihatan Bandar Tun Hussien Onn,Klinik Kesihatan Bandar Tun Hussien Onn,346,21-10020769,189,Selangor-Hulu Langat-Klinik Kesihatan Bandar Tun Hussien Onn,,,
Selangor,Hulu Langat,KK Taman Nirwana,KK Taman Nirwana,231,#N/A,190,Selangor-Hulu Langat-KK Taman Nirwana,,,
Selangor,Hulu Langat,KK Sg Chua,KK Sg Chua,231,#N/A,191,Selangor-Hulu Langat-KK Sg Chua,,,
Selangor,Hulu Langat,KK Bandar Seri Putra,KK Bandar Seri Putra,231,#N/A,192,Selangor-Hulu Langat-KK Bandar Seri Putra,,,
Selangor,Hulu Selangor,Klinik Kesihatan Serendah,Klinik Kesihatan Serendah,232,21-10030061,193,Selangor-Hulu Selangor-Klinik Kesihatan Serendah,,,
Selangor,Hulu Selangor,Klinik Kesihatan Rasa,Klinik Kesihatan Rasa,96,21-10030054,194,Selangor-Hulu Selangor-Klinik Kesihatan Rasa,,,
Selangor,Hulu Selangor,Klinik Kesihatan Ulu Yam Bharu,Klinik Kesihatan Ulu Yam Bharu,164,21-10030077,195,Selangor-Hulu Selangor-Klinik Kesihatan Ulu Yam Bharu,,,
Selangor,Hulu Selangor,Klinik Kesihatan Sungai Buaya,Klinik Kesihatan Sungai Buaya,24,21-10092302,196,Selangor-Hulu Selangor-Klinik Kesihatan Sungai Buaya,,,
Selangor,Hulu Selangor,Klinik Kesihatan Kalumpang,Klinik Kesihatan Kalumpang,56,21-10030040,197,Selangor-Hulu Selangor-Klinik Kesihatan Kalumpang,,,
Selangor,Hulu Selangor,Klinik Kesihatan Hulu Bernam,Klinik Kesihatan Hulu Bernam,40,21-10092303,198,Selangor-Hulu Selangor-Klinik Kesihatan Hulu Bernam,,,
Selangor,Hulu Selangor,Klinik Kesihatan Sg Selisek,Klinik Kesihatan Sg Selisek,56,#N/A,199,Selangor-Hulu Selangor-Klinik Kesihatan Sg Selisek,,,
Selangor,Klang,Klinik Kesihatan Bandar Botanik,Klinik Kesihatan Bandar Botanik,600,21-10040249,200,Selangor-Klang-Klinik Kesihatan Bandar Botanik,,,
Selangor,Klang,Klinik Kesihatan Kapar,Klinik Kesihatan Kapar,320,21-10040042,201,Selangor-Klang-Klinik Kesihatan Kapar,,,
Selangor,Klang,Klinik Kesihatan Pandamaran,Klinik Kesihatan Pandamaran,400,21-10040048,202,Selangor-Klang-Klinik Kesihatan Pandamaran,,,
Selangor,Klang,Klinik Kesihatan Meru,Klinik Kesihatan Meru,200,21-10040047,203,Selangor-Klang-Klinik Kesihatan Meru,,,
Selangor,Klang,Klinik Kesihatan Bukit Kuda,Klinik Kesihatan Bukit Kuda,200,21-10040033,204,Selangor-Klang-Klinik Kesihatan Bukit Kuda,,,
Selangor,Klang,Klinik Kesihatan Anika,Klinik Kesihatan Anika,160,#N/A,205,Selangor-Klang-Klinik Kesihatan Anika,,,
Selangor,Klang,Klinik Kesihatan Pulau Indah,Klinik Kesihatan Pulau Indah,100,21-10040052,206,Selangor-Klang-Klinik Kesihatan Pulau Indah,,,
Selangor,Klang,Klinik Kesihatan Rantau Panjang,Klinik Kesihatan Rantau Panjang,120,21-10040160,207,Selangor-Klang-Klinik Kesihatan Rantau Panjang,,,
Selangor,Klang,Klinik Kesihatan Bukit Naga,Klinik Kesihatan Bukit Naga,120,21-10040271,208,Selangor-Klang-Klinik Kesihatan Bukit Naga,,,
Selangor,Klang,Klinik Kesihatan Pulau Ketam,Klinik Kesihatan Pulau Ketam,60,21-10040053,209,Selangor-Klang-Klinik Kesihatan Pulau Ketam,,,
Selangor,Klang,Klinik Kesihatan Sungai Bertek,Klinik Kesihatan Sungai Bertek,120,#N/A,210,Selangor-Klang-Klinik Kesihatan Sungai Bertek,,,
Selangor,Kuala Langat,Klinik Kesihatan  Telok Panglima Garang,Klinik Kesihatan  Telok Panglima Garang,100,#N/A,211,Selangor-Kuala Langat-Klinik Kesihatan  Telok Panglima Garang,,,
Selangor,Kuala Langat,Klinik Kesihatan  Jenjarom,Klinik Kesihatan  Jenjarom,100,#N/A,212,Selangor-Kuala Langat-Klinik Kesihatan  Jenjarom,,,
Selangor,Kuala Selangor,Klinik Kesihatan Tanjung Karang,Klinik Kesihatan Tanjung Karang,160,21-10060073,213,Selangor-Kuala Selangor-Klinik Kesihatan Tanjung Karang,,,
Selangor,Kuala Selangor,Klinik Kesihatan Bestari Jaya,Klinik Kesihatan Bestari Jaya,80,21-10060029,214,Selangor-Kuala Selangor-Klinik Kesihatan Bestari Jaya,,,
Selangor,Kuala Selangor,Klinik Kesihatan Kuala Selangor,Klinik Kesihatan Kuala Selangor,100,21-10060045,215,Selangor-Kuala Selangor-Klinik Kesihatan Kuala Selangor,,,
Selangor,Kuala Selangor,Klinik Kesihatan Jeram,Klinik Kesihatan Jeram,120,21-10060038,216,Selangor-Kuala Selangor-Klinik Kesihatan Jeram,,,
Selangor,Kuala Selangor,Klinik Kesihatan Ijok,Klinik Kesihatan Ijok,80,21-10060036,217,Selangor-Kuala Selangor-Klinik Kesihatan Ijok,,,
Selangor,Kuala Selangor,Klinik Kesihatan Bukit Cherakah,Klinik Kesihatan Bukit Cherakah,60,#N/A,218,Selangor-Kuala Selangor-Klinik Kesihatan Bukit Cherakah,,,
Selangor,Petaling,Klinik Kesihatan Kelana Jaya,Klinik Kesihatan Kelana Jaya,480,21-10070043,219,Selangor-Petaling-Klinik Kesihatan Kelana Jaya,,,
Selangor,Petaling,Klinik Kesihatan Puchong,Klinik Kesihatan Puchong,600,21-10070051,220,Selangor-Petaling-Klinik Kesihatan Puchong,,,
Selangor,Petaling,Klinik Kesihatan Seksyen 19 Shah Alam,Klinik Kesihatan Seksyen 19 Shah Alam,520,#N/A,221,Selangor-Petaling-Klinik Kesihatan Seksyen 19 Shah Alam,,,
Selangor,Petaling,Klinik Kesihatan Seksyen 7 Shah Alam,Klinik Kesihatan Seksyen 7 Shah Alam,560,21-10070063,222,Selangor-Petaling-Klinik Kesihatan Seksyen 7 Shah Alam,,,
Selangor,Petaling,Klinik Kesihatan Seri Kembangan,Klinik Kesihatan Seri Kembangan,400,21-10070062,223,Selangor-Petaling-Klinik Kesihatan Seri Kembangan,,,
Selangor,Petaling,Klinik Kesihatan Medan Maju Jaya,Klinik Kesihatan Medan Maju Jaya,340,#N/A,224,Selangor-Petaling-Klinik Kesihatan Medan Maju Jaya,,,
Selangor,Petaling,Klinik Kesihatan Kota Damansara,Klinik Kesihatan Kota Damansara,300,21-10070767,225,Selangor-Petaling-Klinik Kesihatan Kota Damansara,,,
Selangor,Sepang,Klinik Kesihatan Salak,Klinik Kesihatan Salak,600,21-10090057,226,Selangor-Sepang-Klinik Kesihatan Salak,,,
Wilayah Persekutuan Kuala Lumpur & Putrajaya,Cheras,Klinik Kesihatan Cheras,Klinik Kesihatan Cheras,270,21-14010011,227,Wilayah Persekutuan Kuala Lumpur & Putrajaya-Cheras-Klinik Kesihatan Cheras,,,
Wilayah Persekutuan Kuala Lumpur & Putrajaya,Cheras,Klinik Kesihatan Cheras Baru,Klinik Kesihatan Cheras Baru,70,21-14010012,228,Wilayah Persekutuan Kuala Lumpur & Putrajaya-Cheras-Klinik Kesihatan Cheras Baru,,,
Wilayah Persekutuan Kuala Lumpur & Putrajaya,Cheras,Klinik Kesihatan Bandar Tun Razak,Klinik Kesihatan Bandar Tun Razak,190,21-14010009,229,Wilayah Persekutuan Kuala Lumpur & Putrajaya-Cheras-Klinik Kesihatan Bandar Tun Razak,,,
Wilayah Persekutuan Kuala Lumpur & Putrajaya,Cheras,Klinik Kesihatan Sungai Besi,Klink Kesihatan Sungai Besi,200,21-14010020,230,Wilayah Persekutuan Kuala Lumpur & Putrajaya-Cheras-Klinik Kesihatan Sungai Besi,,,
Wilayah Persekutuan Kuala Lumpur & Putrajaya,Kepong,Klinik Kesihatan Batu Muda,Klinik Kesihatan Batu Muda,200,21-14010010,231,Wilayah Persekutuan Kuala Lumpur & Putrajaya-Kepong-Klinik Kesihatan Batu Muda,,,
Wilayah Persekutuan Kuala Lumpur & Putrajaya,Kepong,Klinik Kesihatan Jinjang,Klinik Kesihatan Jinjang,400,21-14010014,232,Wilayah Persekutuan Kuala Lumpur & Putrajaya-Kepong-Klinik Kesihatan Jinjang,,,
Wilayah Persekutuan Kuala Lumpur & Putrajaya,Lembah Pantai,Klinik Kesihatan Petaling Bahagia,Klinik Kesihatan Petaling Bahagia,300,21-14010017,233,Wilayah Persekutuan Kuala Lumpur & Putrajaya-Lembah Pantai-Klinik Kesihatan Petaling Bahagia,,,
Wilayah Persekutuan Kuala Lumpur & Putrajaya,Lembah Pantai,Klinik Kesihatan Tanglin,Klinik Kesihatan Tanglin,400,21-14010021,234,Wilayah Persekutuan Kuala Lumpur & Putrajaya-Lembah Pantai-Klinik Kesihatan Tanglin,,,
Wilayah Persekutuan Kuala Lumpur & Putrajaya,Titiwangsa,Klinik Kesihatan Kuala Lumpur,Klinik Kesihatan Kuala Lumpur,2655,21-14010411,235,Wilayah Persekutuan Kuala Lumpur & Putrajaya-Titiwangsa-Klinik Kesihatan Kuala Lumpur,,,
Wilayah Persekutuan Kuala Lumpur & Putrajaya,Putrajaya,Klinik Kesihatan Putrajaya Presint 9,Klinik Kesihatan Putrajaya P9,120,21-16010003,236,Wilayah Persekutuan Kuala Lumpur & Putrajaya-Putrajaya-Klinik Kesihatan Putrajaya Presint 9,,,
Wilayah Persekutuan Kuala Lumpur & Putrajaya,Putrajaya,Klinik Kesihatan Putrajaya Presint 18,Klinik Kesihatan Putrajaya Presint 18,300,21-16010010,237,Wilayah Persekutuan Kuala Lumpur & Putrajaya-Putrajaya-Klinik Kesihatan Putrajaya Presint 18,,,
Negeri Sembilan,Jelebu,Klinik Kesihatan Titi,Klinik Kesihatan Titi,80,21-05010055,238,Negeri Sembilan-Jelebu-Klinik Kesihatan Titi,,,
Negeri Sembilan,Jelebu,Klinik Kesihatan Simpang Durian,Klinik Kesihatan Simpang Durian,60,21-05010051,239,Negeri Sembilan-Jelebu-Klinik Kesihatan Simpang Durian,,,
Negeri Sembilan,Jempol,Klinik Kesihatan Bandar Seri Jempol,Klinik Kesihatan Bandar Seri Jempol,40,21-05020028,240,Negeri Sembilan-Jempol-Klinik Kesihatan Bandar Seri Jempol,,,
Negeri Sembilan,Jempol,Klinik Kesihatan Serting Hilir,Klinik Kesihatan Serting Hilir,60,21-05020050,241,Negeri Sembilan-Jempol-Klinik Kesihatan Serting Hilir,,,
Negeri Sembilan,Jempol,"Klinik Kesihatan Palong 4,5,6","Klinik Kesihatan Palong 4,5,6",40,21-05020038,242,"Negeri Sembilan-Jempol-Klinik Kesihatan Palong 4,5,6",,,
Negeri Sembilan,Jempol,Klinik Kesihatan Lui Muda,Klinik Kesihatan Lui Muda,40,21-05020034,243,Negeri Sembilan-Jempol-Klinik Kesihatan Lui Muda,,,
Negeri Sembilan,Port Dickson,Klinik Kesihatan Port Dickson,Klinik Kesihatan Port Dickson,110,21-05040044,244,Negeri Sembilan-Port Dickson-Klinik Kesihatan Port Dickson,,,
Negeri Sembilan,Port Dickson,Klinik Kesihatan Lukut,Klinik Kesihatan Lukut,50,21-05040130,245,Negeri Sembilan-Port Dickson-Klinik Kesihatan Lukut,,,
Negeri Sembilan,Port Dickson,Klinik Kesihatan Linggi,Klinik Kesihatan Linggi,30,21-05040033,246,Negeri Sembilan-Port Dickson-Klinik Kesihatan Linggi,,,
Negeri Sembilan,Port Dickson,Klinik Kesihatan Bukit Pelandok,Klinik Kesihatan Bukit Pelandok,30,#N/A,247,Negeri Sembilan-Port Dickson-Klinik Kesihatan Bukit Pelandok,,,
Negeri Sembilan,Port Dickson,Klinik Kesihatan Pasir Panjang ,Klinik Kesihatan Pasir Panjang ,90,#N/A,248,Negeri Sembilan-Port Dickson-Klinik Kesihatan Pasir Panjang ,,,
Negeri Sembilan,Seremban,Klinik Kesihatan Seremban,Klinik Kesihatan Seremban,260,21-05060049,249,Negeri Sembilan-Seremban-Klinik Kesihatan Seremban,,,
Negeri Sembilan,Seremban,Klinik Kesihatan Rantau ,Klinik Kesihatan Rantau ,60,#N/A,250,Negeri Sembilan-Seremban-Klinik Kesihatan Rantau ,,,
Negeri Sembilan,Seremban,Klinik Kesihatan Qrts KLIA,Klinik Kesihatan KLIA,60,#N/A,251,Negeri Sembilan-Seremban-Klinik Kesihatan Qrts KLIA,,,
Negeri Sembilan,Seremban,Klinik Kesihatan Nilai ,Klinik Kesihatan Nilai ,190,#N/A,252,Negeri Sembilan-Seremban-Klinik Kesihatan Nilai ,,,
Negeri Sembilan,Tampin,Klinik Kesihatan Tampin,Klinik Kesihatan Tampin,100,21-05070053,253,Negeri Sembilan-Tampin-Klinik Kesihatan Tampin,,,
Negeri Sembilan,Tampin,Klinik Kesihatan Gemencheh,Klinik Kesihatan Gemencheh,60,21-05070024,254,Negeri Sembilan-Tampin-Klinik Kesihatan Gemencheh,,,
Melaka,Alor Gajah,Klinik Kesihatan Alor Gajah,Klinik Kesihatan Alor Gajah,168,21-04010009,255,Melaka-Alor Gajah-Klinik Kesihatan Alor Gajah,,,
Melaka,Alor Gajah,Klinik Kesihatan Durian Tunggal,Klinik Kesihatan Durian Tunggal,64,21-04010014,256,Melaka-Alor Gajah-Klinik Kesihatan Durian Tunggal,,,
Melaka,Alor Gajah,Klinik Kesihatan Hutan Percha,Klinik Kesihatan Hutan Percha,8,21-04010015,257,Melaka-Alor Gajah-Klinik Kesihatan Hutan Percha,,,
Melaka,Alor Gajah,Klinik Kesihatan Kuala Sungai Baru,Klinik Kesihatan Kuala Sungai Baru,80,21-04010021,258,Melaka-Alor Gajah-Klinik Kesihatan Kuala Sungai Baru,,,
Melaka,Alor Gajah,Klinik Kesihatan Lubok China,Klinik Kesihatan Lubok China,48,21-04010022,259,Melaka-Alor Gajah-Klinik Kesihatan Lubok China,,,
Melaka,Alor Gajah,Klinik Kesihatan Macap Baru,Klinik Kesihatan Macap Baru,20,21-04010023,260,Melaka-Alor Gajah-Klinik Kesihatan Macap Baru,,,
Melaka,Alor Gajah,Klinik Kesihatan Masjid Tanah,Klinik Kesihatan Masjid Tanah,60,21-04010024,261,Melaka-Alor Gajah-Klinik Kesihatan Masjid Tanah,,,
Melaka,Alor Gajah,Klinik Kesihatan Padang Sebang,Klinik Kesihatan Padang Sebang,36,21-04010026,262,Melaka-Alor Gajah-Klinik Kesihatan Padang Sebang,,,
Melaka,Alor Gajah,Klinik Kesihatan Pengkalan Balak,Klinik Kesihatan Pengkalan Balak,12,21-04010084,263,Melaka-Alor Gajah-Klinik Kesihatan Pengkalan Balak,,,
Melaka,Alor Gajah,Klinik Kesihatan Rembia,Klinik Kesihatan Rembia,52,21-04010266,264,Melaka-Alor Gajah-Klinik Kesihatan Rembia,,,
Melaka,Alor Gajah,Klinik Kesihatan Simpang Ampat,Klinik Kesihatan Simpang Ampat,16,21-04010029,265,Melaka-Alor Gajah-Klinik Kesihatan Simpang Ampat,,,
Melaka,Alor Gajah,Klinik Kesihatan Tebong,Klinik Kesihatan Tebong,16,21-04010114,266,Melaka-Alor Gajah-Klinik Kesihatan Tebong,,,
Melaka,Alor Gajah,Klinik Kesihatan Gadek,Klinik Kesihatan Gadek,20,21-04010065,267,Melaka-Alor Gajah-Klinik Kesihatan Gadek,,,
Melaka,Jasin,Klinik Kesihatan Batang Melaka,Klinik Kesihatan Batang Melaka,20,#N/A,268,Melaka-Jasin-Klinik Kesihatan Batang Melaka,,,
Melaka,Jasin,Klinik Kesihatan Felda Bukit Senggeh,Klinik Kesihatan Felda Bukit Senggeh,20,21-04020060,269,Melaka-Jasin-Klinik Kesihatan Felda Bukit Senggeh,,,
Melaka,Jasin,Klinik Kesihatan Jasin,Klinik Kesihatan Jasin,60,21-04020018,270,Melaka-Jasin-Klinik Kesihatan Jasin,,,
Melaka,Jasin,Klinik Kesihatan Kemendor,Klinik Kesihatan Kemendor,30,21-04020019,271,Melaka-Jasin-Klinik Kesihatan Kemendor,,,
Melaka,Jasin,Klinik Kesihatan Merlimau,Klinik Kesihatan Merlimau,50,21-04020025,272,Melaka-Jasin-Klinik Kesihatan Merlimau,,,
Melaka,Jasin,Klinik Kesihatan Nyalas,Klinik Kesihatan Nyalas,20,21-04020078,273,Melaka-Jasin-Klinik Kesihatan Nyalas,,,
Melaka,Jasin,Klinik Kesihatan Selandar,Klinik Kesihatan Selandar,50,21-04020028,274,Melaka-Jasin-Klinik Kesihatan Selandar,,,
Melaka,Jasin,Klinik Kesihatan Simpang Bekoh,Klinik Kesihatan Simpang Bekoh,50,21-04020030,275,Melaka-Jasin-Klinik Kesihatan Simpang Bekoh,,,
Melaka,Jasin,Klinik Kesihatan Sungai Rambai,Klinik Kesihatan Sungai Rambai,50,21-04020031,276,Melaka-Jasin-Klinik Kesihatan Sungai Rambai,,,
Melaka,Jasin,Klinik Kesihatan Umbai,Klinik Kesihatan Umbai,50,21-04020037,277,Melaka-Jasin-Klinik Kesihatan Umbai,,,
Melaka,Melaka Tengah,Klinik Kesihatan Ayer Keroh,Klinik Kesihatan Ayer Keroh,100,21-04030010,278,Melaka-Melaka Tengah-Klinik Kesihatan Ayer Keroh,,,
Melaka,Melaka Tengah,Klinik Kesihatan Ayer Molek,Klinik Kesihatan Ayer Molek,100,21-04030011,279,Melaka-Melaka Tengah-Klinik Kesihatan Ayer Molek,,,
Melaka,Melaka Tengah,Klinik Kesihatan Bachang,Klinik Kesihatan Bachang,50,#N/A,280,Melaka-Melaka Tengah-Klinik Kesihatan Bachang,,,
Melaka,Melaka Tengah,Klinik Kesihatan Batu Berendam,Klinik Kesihatan Batu Berendam,100,21-04030267,281,Melaka-Melaka Tengah-Klinik Kesihatan Batu Berendam,,,
Melaka,Melaka Tengah,Klinik Kesihatan Bukit Rambai,Klinik Kesihatan Bukit Rambai,50,21-04030012,282,Melaka-Melaka Tengah-Klinik Kesihatan Bukit Rambai,,,
Melaka,Melaka Tengah,Klinik Kesihatan Jalan Gereja,Klinik Kesihatan Jalan Gereja,50,21-04030017,283,Melaka-Melaka Tengah-Klinik Kesihatan Jalan Gereja,,,
Melaka,Melaka Tengah,Klinik Kesihatan Klebang Besar,Klinik Kesihatan Klebang Besar,50,21-04030020,284,Melaka-Melaka Tengah-Klinik Kesihatan Klebang Besar,,,
Melaka,Melaka Tengah,Klinik Kesihatan Peringgit,Klinik Kesihatan Peringgit,100,21-04030027,285,Melaka-Melaka Tengah-Klinik Kesihatan Peringgit,,,
Melaka,Melaka Tengah,Klinik Kesihatan Sungai Udang,Klinik Kesihatan Sungai Udang,50,21-04030032,286,Melaka-Melaka Tengah-Klinik Kesihatan Sungai Udang,,,
Melaka,Melaka Tengah,Klinik Kesihatan Sri Tanjung,Klinik Kesihatan Sri Tanjung,100,#N/A,287,Melaka-Melaka Tengah-Klinik Kesihatan Sri Tanjung,,,
Melaka,Melaka Tengah,Klinik Kesihatan Tengkera,Klinik Kesihatan Tengkera,100,21-04030034,288,Melaka-Melaka Tengah-Klinik Kesihatan Tengkera,,,
Melaka,Melaka Tengah,Klinik Kesihatan Ujong Pasir,Klinik Kesihatan Ujong Pasir,50,21-04030035,289,Melaka-Melaka Tengah-Klinik Kesihatan Ujong Pasir,,,
Johor,Batu Pahat,Klinik Kesihatan Batu Pahat,Klinik Kesihatan Batu Pahat,1040,21-01010039,290,Johor-Batu Pahat-Klinik Kesihatan Batu Pahat,,,
Johor,Johor Bahru,Klinik Kesihatan Kempas,Klinik Kesihatan Kempas,270,21-01020060,291,Johor-Johor Bahru-Klinik Kesihatan Kempas,,,
Johor,Johor Bahru,Klinik Kesihatan Mahmoodiah,Klinik Kesihatan Mahmoodiah,300,21-01020089,292,Johor-Johor Bahru-Klinik Kesihatan Mahmoodiah,,,
Johor,Johor Bahru,Klinik Kesihatan Masai,Klinik Kesihatan Masai,270,21-01020070,293,Johor-Johor Bahru-Klinik Kesihatan Masai,,,
Johor,Johor Bahru,Klinik Kesihatan Sultan Ismail,Klinik Kesihatan Sultan Ismail,300,21-01020429,294,Johor-Johor Bahru-Klinik Kesihatan Sultan Ismail,,,
Johor,Johor Bahru,Klinik Kesihatan Taman Universiti,Klinik Kesihatan Taman Universiti,270,21-01020428,295,Johor-Johor Bahru-Klinik Kesihatan Taman Universiti,,,
Johor,Johor Bahru,Klinik Kesihatan Tebrau,Klinik Kesihatan Tebrau,100,21-01020106,296,Johor-Johor Bahru-Klinik Kesihatan Tebrau,,,
Johor,Johor Bahru,Klinik Kesihatan Ulu Tiram,Klinik Kesihatan Ulu Tiram,270,21-01020114,297,Johor-Johor Bahru-Klinik Kesihatan Ulu Tiram,,,
Johor,Johor Bahru,Klinik Kesihatan Bukit Indah,Klinik Kesihatan Bukit Indah,270,21-01020715,298,Johor-Johor Bahru-Klinik Kesihatan Bukit Indah,,,
Johor,Kluang,Klinik Kesihatan Mengkibol,Klinik Kesihatan Mengkibol,600,21-01030052,299,Johor-Kluang-Klinik Kesihatan Mengkibol,,,
Johor,Kulai,Klinik Kesihatan Kulai Besar,Klinik Kesihatan Kulai Besar,700,21-01090063,300,Johor-Kulai-Klinik Kesihatan Kulai Besar,,,
Johor,Mersing,Klinik Kesihatan Mersing Kanan,Klinik Kesihatan Mersing Kanan,120,21-01050071,301,Johor-Mersing-Klinik Kesihatan Mersing Kanan,,,
Johor,Muar,Klinik Kesihatan Maharani,Klinik Kesihatan Bandar Maharani,250,21-01060032,302,Johor-Muar-Klinik Kesihatan Maharani,,,
Johor,Muar,Klinik Kesihatan Muar,Klinik Kesihatan Muar,250,21-01060057,303,Johor-Muar-Klinik Kesihatan Muar,,,
Johor,Pontian,Klinik Kesihatan Pontian,Klinik Kesihatan Pontian,452,21-01070091,304,Johor-Pontian-Klinik Kesihatan Pontian,,,
Johor,Tangkak,Klinik Kesihatan Payamas,Klinik Kesihatan Payamas,360,21-01100083,305,Johor-Tangkak-Klinik Kesihatan Payamas,,,
Pahang,Maran,Klinik Kesihatan Bandar Jengka,Klinik Kesihatan Bandar Jengka,180,21-06070027,306,Pahang-Maran-Klinik Kesihatan Bandar Jengka,,,
Pahang,Jerantut,Klinik Kesihatan Bandar Jerantut,Klinik Kesihatan Bandar Jerantut,100,21-06040401,307,Pahang-Jerantut-Klinik Kesihatan Bandar Jerantut,,,
Pahang,Temerloh,Klinik Kesihatan Bandar Mentakab,Klinik Kesihatan Bandar Mentakab,900,21-06110029,308,Pahang-Temerloh-Klinik Kesihatan Bandar Mentakab,,,
Pahang,Pekan,Klinik Kesihatan Bandar Pekan,Klinik Kesihatan Bandar Pekan,120,21-06080362,309,Pahang-Pekan-Klinik Kesihatan Bandar Pekan,,,
Pahang,Pekan,Klinik Kesihatan Peramu Jaya,Klinik Kesihatan Peramu Jaya,120,21-06080068,310,Pahang-Pekan-Klinik Kesihatan Peramu Jaya,,,
Pahang,Raub,Klinik Kesihatan Bandar Raub,Klinik Kesihatan Bandar Raub,220,21-06070560,311,Pahang-Raub-Klinik Kesihatan Bandar Raub,,,
Pahang,Rompin,Klinik Kesihatan Bandar Tun Abdul Razak,Klinik Kesihatan Bandar Tun Abdul Razak,100,21-06100030,312,Pahang-Rompin-Klinik Kesihatan Bandar Tun Abdul Razak,,,
Pahang,Rompin,Klinik Kesihatan Rompin,Klinik Kesihatan Rompin,100,21-06100071,313,Pahang-Rompin-Klinik Kesihatan Rompin,,,
Pahang,Lipis,Klinik Kesihatan Benta,Klinik Kesihatan Benta,180,21-06060031,314,Pahang-Lipis-Klinik Kesihatan Benta,,,
Pahang,Kuantan,Klinik Kesihatan Indera Mahkota,Klinik Kesihatan Indera Mahkota,298,21-06050392,315,Pahang-Kuantan-Klinik Kesihatan Indera Mahkota,,,
Pahang,Kuantan,Klinik Kesihatan Beserah,Klinik Kesihatan Beserah,358,21-06050032,316,Pahang-Kuantan-Klinik Kesihatan Beserah,,,
Pahang,Kuantan,Klinik Kesihatan Kurnia,Klinik Kesihatan Kurnia,328,21-06050375,317,Pahang-Kuantan-Klinik Kesihatan Kurnia,,,
Pahang,Bera,Klinik Kesihatan Triang,Klinik Kesihatan Triang,200,21-06020082,318,Pahang-Bera-Klinik Kesihatan Triang,,,
Pahang,Bentong,Klinik Kesihatan Bentong,Klinik Kesihatan Bentong,120,21-06010330,319,Pahang-Bentong-Klinik Kesihatan Bentong,,,
Pahang,Bentong,Klinik Kesihatan Karak,Klinik Kesihatan Karak,80,21-06010050,320,Pahang-Bentong-Klinik Kesihatan Karak,,,
Kelantan,Bachok,Klinik Kesihatan Jelawat,Klinik Kesihatan Jelawat,100,21-03010467,321,Kelantan-Bachok-Klinik Kesihatan Jelawat,,,
Kelantan,Bachok,Klinik Kesihatan Mahligai,Klinik Kesihatan Mahligai,60,21-03010062,322,Kelantan-Bachok-Klinik Kesihatan Mahligai,,,
Kelantan,Bachok,Klinik Kesihatan Beris Kubor Besar,Klinik Kesihatan Beris Kubor Besar,56,#N/A,323,Kelantan-Bachok-Klinik Kesihatan Beris Kubor Besar,,,
Kelantan,Bachok,Klinik Kesihatan Gunong,Klinik Kesihatan Gunong,80,21-03010051,324,Kelantan-Bachok-Klinik Kesihatan Gunong,,,
Kelantan,Bachok,Klinik Kesihatan Balai,Klinik Kesihatan Balai,48,21-03010031,325,Kelantan-Bachok-Klinik Kesihatan Balai,,,
Kelantan,Bachok,Klinik Kesihatan Beris Panchor,Klinik Kesihatan Beris Panchor,56,21-03010316,326,Kelantan-Bachok-Klinik Kesihatan Beris Panchor,,,
Kelantan,Gua Musang,Klinik Kesihatan Chiku 3,Klinik Kesihatan Chiku 3,80,21-03020046,327,Kelantan-Gua Musang-Klinik Kesihatan Chiku 3,,,
Kelantan,Gua Musang,Klinik Kesihatan Bandar Gua Musang,Klinik Kesihatan Bandar Gua Musang,120,#N/A,328,Kelantan-Gua Musang-Klinik Kesihatan Bandar Gua Musang,,,
Kelantan,Gua Musang,Klinik Kesihatan Kuala Betis,Klinik Kesihatan Kuala Betis,40,21-03020198,329,Kelantan-Gua Musang-Klinik Kesihatan Kuala Betis,,,
Kelantan,Jeli,Klinik Kesihatan Jeli,Klinik Kesihatan Jeli,100,21-03030024,330,Kelantan-Jeli-Klinik Kesihatan Jeli,,,
Kelantan,Jeli,Klinik Kesihatan Ayer Lanas,Klinik Kesihatan Ayer Lanas,60,21-03030029,331,Kelantan-Jeli-Klinik Kesihatan Ayer Lanas,,,
Kelantan,Jeli,Klinik Kesihatan Kuala Balah,Klinik Kesihatan Kuala Balah,40,21-03030058,332,Kelantan-Jeli-Klinik Kesihatan Kuala Balah,,,
Kelantan,Kota Bharu,Klinik Kesihatan Bandar Kota Bharu,Klinik Kesihatan Bandar Kota Bharu,160,21-03040033,333,Kelantan-Kota Bharu-Klinik Kesihatan Bandar Kota Bharu,,,
Kelantan,Kota Bharu,Klinik Kesihatan Kok Lanas,Klinik Kesihatan Kok Lanas,112,21-03040195,334,Kelantan-Kota Bharu-Klinik Kesihatan Kok Lanas,,,
Kelantan,Kota Bharu,Klinik Kesihatan Penambang,Klinik Kesihatan Penambang,48,21-03040066,335,Kelantan-Kota Bharu-Klinik Kesihatan Penambang,,,
Kelantan,Kota Bharu,Klinik Kesihatan Pengkalan Chepa,Klinik Kesihatan Pengkalan Chepa,108,21-03040067,336,Kelantan-Kota Bharu-Klinik Kesihatan Pengkalan Chepa,,,
Kelantan,Kota Bharu,Klinik Kesihatan Kota Jembal,Klinik Kesihatan Kota Jembal,60,21-03040055,337,Kelantan-Kota Bharu-Klinik Kesihatan Kota Jembal,,,
Kelantan,Kota Bharu,Klinik Kesihatan Kubang Kerian,Klinik Kesihatan Kubang Kerian,72,21-03040059,338,Kelantan-Kota Bharu-Klinik Kesihatan Kubang Kerian,,,
Kelantan,Kota Bharu,Klinik Kesihatan Lundang Paku,Klinik Kesihatan Lundang Paku,40,21-03040061,339,Kelantan-Kota Bharu-Klinik Kesihatan Lundang Paku,,,
Kelantan,Kota Bharu,Klinik Kesihatan Cabang 3 Perol,Klinik Kesihatan Perol,40,21-03040043,340,Kelantan-Kota Bharu-Klinik Kesihatan Cabang 3 Perol,,,
Kelantan,Kota Bharu,Klinik Kesihatan Badang,Klinik Kesihatan Badang,40,21-03040030,341,Kelantan-Kota Bharu-Klinik Kesihatan Badang,,,
Kelantan,Kota Bharu,Klinik Kesihatan Peringat,Klinik Kesihatan Peringat,40,21-03040069,342,Kelantan-Kota Bharu-Klinik Kesihatan Peringat,,,
Kelantan,Kuala Krai,Klinik Kesihatan Bandar Kuala Krai,Klinik Kesihatan Bandar Kuala Krai,132,21-03050034,343,Kelantan-Kuala Krai-Klinik Kesihatan Bandar Kuala Krai,,,
Kelantan,Kuala Krai,klinik Kesihatan Pahi,klinik Kesihatan Pahi,48,21-03050065,344,Kelantan-Kuala Krai-klinik Kesihatan Pahi,,,
Kelantan,Kuala Krai,Klinik Kesihatan Manik Urai,Klinik Kesihatan Manik Urai,100,21-03050063,345,Kelantan-Kuala Krai-Klinik Kesihatan Manik Urai,,,
Kelantan,Kuala Krai,Klinik Kesihatan Dabong,Klinik Kesihatan Dabong,40,21-03050047,346,Kelantan-Kuala Krai-Klinik Kesihatan Dabong,,,
Kelantan,Machang,Klinik Kesihatan Pulai Chondong,Klinik Kesihatan Pulai Chondong,40,21-03060070,347,Kelantan-Machang-Klinik Kesihatan Pulai Chondong,,,
Kelantan,Machang,Klinik Kesihatan Labok,Klinik Kesihatan Labok,48,21-03060060,348,Kelantan-Machang-Klinik Kesihatan Labok,,,
Kelantan,Machang,Klinik Kesihatan Batu 30,Klinik Kesihatan Batu 30,40,21-03060037,349,Kelantan-Machang-Klinik Kesihatan Batu 30,,,
Kelantan,Machang,Klinik Kesihatan Temangan,Klinik Kesihatan Temangan,32,21-03060074,350,Kelantan-Machang-Klinik Kesihatan Temangan,,,
Kelantan,Machang,Klinik Kesihatan Machang,Klinik Kesihatan Bandar Machang,40,21-03060279,351,Kelantan-Machang-Klinik Kesihatan Machang,,,
Kelantan,Pasir Mas,Klinik Kesihatan Bandar Pasir Mas,Klinik Kesihatan Bandar Pasir Mas,116,21-03070035,352,Kelantan-Pasir Mas-Klinik Kesihatan Bandar Pasir Mas,,,
Kelantan,Pasir Mas,Klinik Kesihatan Meranti,Klinik Kesihatan Meranti,64,21-03070064,353,Kelantan-Pasir Mas-Klinik Kesihatan Meranti,,,
Kelantan,Pasir Mas,Klinik Kesihatan Kangkong,Klinik Kesihatan Kangkung,60,21-03070054,354,Kelantan-Pasir Mas-Klinik Kesihatan Kangkong,,,
Kelantan,Pasir Mas,Klinik Kesihatan Tendong,Klinik Kesihatan Tendong,72,21-03070075,355,Kelantan-Pasir Mas-Klinik Kesihatan Tendong,,,
Kelantan,Pasir Mas,Klinik Kesihatan Rantau Panjang,Klinik Kesihatan Rantau Panjang,64,21-03070071,356,Kelantan-Pasir Mas-Klinik Kesihatan Rantau Panjang,,,
Kelantan,Pasir Mas,Klinik Kesihatan To' Uban,Klinik Kesihatan Tok Uban,40,21-03070076,357,Kelantan-Pasir Mas-Klinik Kesihatan To' Uban,,,
Kelantan,Pasir Mas,Klinik Kesihatan Chekok,Klinik Kesihatan Chekok,40,21-03070044,358,Kelantan-Pasir Mas-Klinik Kesihatan Chekok,,,
Kelantan,Pasir Mas,Klinik Kesihatan Kasar,Klinik Kesihatan Kasar,24,21-03070468,359,Kelantan-Pasir Mas-Klinik Kesihatan Kasar,,,
Kelantan,Pasir Mas,Klinik Kesihatan Sungai Keladi,Klinik Kesihatan Sg Keladi,24,21-03070258,360,Kelantan-Pasir Mas-Klinik Kesihatan Sungai Keladi,,,
Kelantan,Pasir Mas,Klinik Kesihatan Cherang Hangus,Klinik Kesihatan Cherang Hangus,32,21-03070117,361,Kelantan-Pasir Mas-Klinik Kesihatan Cherang Hangus,,,
Kelantan,Pasir Mas,Klinik Kesihatan Pangkal Kala,Klinik Kesihatan Pangkal Kala,32,21-03070230,362,Kelantan-Pasir Mas-Klinik Kesihatan Pangkal Kala,,,
Kelantan,Pasir Mas,Klinik Kesihatan Gual Periok,Klinik Kesihatan Gual Periok,32,21-03070129,363,Kelantan-Pasir Mas-Klinik Kesihatan Gual Periok,,,
Kelantan,Pasir Puteh,Klinik Kesihatan Pasir Puteh,Klinik Kesihatan Pasir Puteh,80,21-03080280,364,Kelantan-Pasir Puteh-Klinik Kesihatan Pasir Puteh,,,
Kelantan,Pasir Puteh,Klinik Kesihatan Cherang Ruku,Klinik Kesihatan Cherang Ruku,40,21-03080045,365,Kelantan-Pasir Puteh-Klinik Kesihatan Cherang Ruku,,,
Kelantan,Pasir Puteh,Klinik Kesihatan Jeram,Klinik Kesihatan Jeram,40,21-03080052,366,Kelantan-Pasir Puteh-Klinik Kesihatan Jeram,,,
Kelantan,Pasir Puteh,Klinik Kesihatan Banggol Pa' Esah,Klinik Kesihatan Banggol Pak Esah,40,21-03080084,367,Kelantan-Pasir Puteh-Klinik Kesihatan Banggol Pa' Esah,,,
Kelantan,Tanah Merah,Klinik Kesihatan Tanah Merah,Klinik Kesihatan Tanah Merah,104,21-03090281,368,Kelantan-Tanah Merah-Klinik Kesihatan Tanah Merah,,,
Kelantan,Tanah Merah,Klinik Kesihatan Kemahang,Klinik Kesihatan Kemahang,72,21-03090056,369,Kelantan-Tanah Merah-Klinik Kesihatan Kemahang,,,
Kelantan,Tanah Merah,Klinik Kesihatan Gual Ipoh,Klinik Kesihatan Gual Ipoh,72,21-03090050,370,Kelantan-Tanah Merah-Klinik Kesihatan Gual Ipoh,,,
Kelantan,Tanah Merah,Klinik Kesihatan Batu Gajah,Klinik Kesihatan Batu Gajah,72,21-03090038,371,Kelantan-Tanah Merah-Klinik Kesihatan Batu Gajah,,,
Kelantan,Tumpat,Klinik Kesihatan Pasir Pekan,Klinik Kesihatan Pasir Pekan,68,21-03100318,372,Kelantan-Tumpat-Klinik Kesihatan Pasir Pekan,,,
Kelantan,Tumpat,Klinik Kesihatan Wakaf Bharu,Klinik Kesihatan Wakaf Bharu,96,21-03100077,373,Kelantan-Tumpat-Klinik Kesihatan Wakaf Bharu,,,
Kelantan,Tumpat,Klinik Kesihatan Pengkalan Kubor,Klinik Kesihatan Pengkalan Kubor,60,21-03100068,374,Kelantan-Tumpat-Klinik Kesihatan Pengkalan Kubor,,,
Kelantan,Tumpat,Klinik Kesihatan Bandar Tumpat,Klinik Kesihatan Bandar Tumpat,92,21-03100036,375,Kelantan-Tumpat-Klinik Kesihatan Bandar Tumpat,,,
Kelantan,Tumpat,Klinik Kesihatan Bunohan,Klinik Kesihatan Bunohan,44,21-03100042,376,Kelantan-Tumpat-Klinik Kesihatan Bunohan,,,
Kelantan,Tumpat,Klinik Kesihatan Sungai Pinang,Klinik Kesihatan Sg Pinang,40,21-03100073,377,Kelantan-Tumpat-Klinik Kesihatan Sungai Pinang,,,
Terengganu,Dungun,Klinik Kesihatan Kuala Dungun,Klinik Kesihatan Kuala Dungun,240,21-11020206,378,Terengganu-Dungun-Klinik Kesihatan Kuala Dungun,,,
Terengganu,Hulu Terengganu,Klinik Kesihatan Kuala Berang,Klinik Kesihatan Kuala Berang,240,21-11030038,379,Terengganu-Hulu Terengganu-Klinik Kesihatan Kuala Berang,,,
Terengganu,Kemaman,Klinik Kesihatan Batu 2 1/2,Klinik Kesihatan Batu 2 1/2,260,21-11040214,380,Terengganu-Kemaman-Klinik Kesihatan Batu 2 1/2,,,
Terengganu,Kuala Terengganu,Klinik Kesihatan Manir,Klinik Kesihatan Manir,260,21-11050042,381,Terengganu-Kuala Terengganu-Klinik Kesihatan Manir,,,
Terengganu,Marang,Klinik Kesihatan Marang,Klinik Kesihatan Marang,240,21-11060043,382,Terengganu-Marang-Klinik Kesihatan Marang,,,
Terengganu,Setiu,Klinik Kesihatan Kampung Rahmat,Klinik Kesihatan Rahmat,240,21-11070031,383,Terengganu-Setiu-Klinik Kesihatan Kampung Rahmat,,,
Sarawak,Lubok Antu,Klinik Kesihatan Lubok Antu,Klinik Kesihatan Lubok Antu,20,21-13140118,384,Sarawak-Lubok Antu-Klinik Kesihatan Lubok Antu,,,
Sarawak,Sri Aman,Klinik Kesihatan Sri Aman,Klinik Kesihatan Sri Aman,39,21-13300200,385,Sarawak-Sri Aman-Klinik Kesihatan Sri Aman,,,
Sarawak,Saratok,Klinik Kesihatan Nanga Atoi,Klinik Kesihatan Nanga Atoi,12,21-13230154,386,Sarawak-Saratok-Klinik Kesihatan Nanga Atoi,,,
Sarawak,Belaga,Klinik Kesihatan Sungai Asap,Klinik Kesihatan Sungai Asap,20,21-13030206,387,Sarawak-Belaga-Klinik Kesihatan Sungai Asap,,,
Sarawak,Bintulu,Klinik Kesihatan Bintulu,Klinik Kesihatan Bintulu,400,21-13050064,388,Sarawak-Bintulu-Klinik Kesihatan Bintulu,,,
Sarawak,Bintulu,Klinik Kesihatan Jepak,Klinik Kesihatan Jepak,36,21-13050380,389,Sarawak-Bintulu-Klinik Kesihatan Jepak,,,
Sarawak,Sebauh,Klinik Kesihatan Sebauh,Klinik Kesihatan Sebauh,24,21-13400184,390,Sarawak-Sebauh-Klinik Kesihatan Sebauh,,,
Sarawak,Tatau,Klinik Kesihatan Tatau,Klinik Kesihatan Tatau,32,21-13310214,391,Sarawak-Tatau-Klinik Kesihatan Tatau,,,
Sarawak,Miri,Klinik Kesihatan Bandaraya Miri,KK Bandaraya Miri,248,21-13240672,392,Sarawak-Miri-Klinik Kesihatan Bandaraya Miri,,,
Sarawak,Miri,Klinik Kesihatan Tudan,KK Tudan,240,21-13190225,393,Sarawak-Miri-Klinik Kesihatan Tudan,,,
Sarawak,Subis,Klinik Kesihatan Batu Niah,Klinik Kesihatan Batu Niah,80,21-13360052,394,Sarawak-Subis-Klinik Kesihatan Batu Niah,,,
Sarawak,Lawas,Klinik Kesihatan Lawas,Klinik Kesihatan Lawas,80,21-13120096,395,Sarawak-Lawas-Klinik Kesihatan Lawas,,,
Sarawak,Limbang,Klinik Kesihatan Batu Danau,Klinik Kesihatan Batu Danau,60,21-13130049,396,Sarawak-Limbang-Klinik Kesihatan Batu Danau,,,
